time,open,high,low,close,volume,open_interest
2026-05-18T09:15:00+05:30,382.0,385.35,380.65,384.8,395892,0
2026-05-18T09:20:00+05:30,384.8,384.8,383.3,384.15,156347,0
2026-05-18T09:25:00+05:30,384.2,384.5,382.2,382.3,109193,0
2026-05-18T09:30:00+05:30,382.3,383.5,382.1,383.35,98397,0
2026-05-18T09:35:00+05:30,383.35,383.4,382.35,382.8,86453,0
2026-05-18T09:40:00+05:30,382.8,382.9,381.75,381.8,103072,0
2026-05-18T09:45:00+05:30,381.95,382.0,381.0,381.05,77235,0
2026-05-18T09:50:00+05:30,381.1,382.05,381.0,381.9,97286,0
2026-05-18T09:55:00+05:30,381.9,382.15,381.4,382.05,104019,0
2026-05-18T10:00:00+05:30,382.05,382.05,381.15,381.6,64221,0
2026-05-18T10:05:00+05:30,381.7,381.8,380.65,381.3,110919,0
2026-05-18T10:10:00+05:30,381.3,381.45,380.85,380.95,58648,0
2026-05-18T10:15:00+05:30,381.1,381.8,380.3,381.55,95264,0
2026-05-18T10:20:00+05:30,381.55,381.85,381.15,381.25,125305,0
2026-05-18T10:25:00+05:30,381.4,381.45,380.55,380.95,77681,0
2026-05-18T10:30:00+05:30,380.95,381.85,380.6,381.8,80615,0
2026-05-18T10:35:00+05:30,381.8,382.05,381.55,381.55,78139,0
2026-05-18T10:40:00+05:30,381.7,381.85,381.25,381.65,85739,0
2026-05-18T10:45:00+05:30,381.65,382.05,381.3,381.85,70033,0
2026-05-18T10:50:00+05:30,381.85,382.15,381.6,382.1,72850,0
2026-05-18T10:55:00+05:30,382.1,382.45,381.95,382.4,80118,0
2026-05-18T11:00:00+05:30,382.4,382.85,381.65,382.55,112517,0
2026-05-18T11:05:00+05:30,382.55,382.95,382.2,382.8,95401,0
2026-05-18T11:10:00+05:30,382.8,382.95,382.4,382.9,95312,0
2026-05-18T11:15:00+05:30,382.9,383.15,382.25,382.65,108496,0
2026-05-18T11:20:00+05:30,382.55,383.2,382.15,383.05,142501,0
2026-05-18T11:25:00+05:30,383.1,383.5,382.75,383.4,113494,0
2026-05-18T11:30:00+05:30,383.4,385.75,383.15,385.05,193063,0
2026-05-18T11:35:00+05:30,385.05,385.95,384.8,385.85,128634,0
2026-05-18T11:40:00+05:30,385.65,385.85,384.85,385.2,116278,0
2026-05-18T11:45:00+05:30,385.15,385.45,384.05,384.35,107833,0
2026-05-18T11:50:00+05:30,384.35,384.35,383.65,383.8,93584,0
2026-05-18T11:55:00+05:30,383.8,384.2,383.2,383.2,95586,0
2026-05-18T12:00:00+05:30,383.3,384.45,383.05,384.3,129184,0
2026-05-18T12:05:00+05:30,384.4,385.05,384.05,384.85,221039,0
2026-05-18T12:10:00+05:30,384.9,386.25,384.8,386.1,223166,0
2026-05-18T12:15:00+05:30,386.25,387.05,385.7,386.45,358827,0
2026-05-18T12:20:00+05:30,386.4,386.4,385.7,386.2,374580,0
2026-05-18T12:25:00+05:30,386.2,387.55,386.05,387.15,545728,0
2026-05-18T12:30:00+05:30,387.05,387.75,386.65,387.6,482593,0
2026-05-18T12:35:00+05:30,387.6,388.6,387.4,388.1,327669,0
2026-05-18T12:40:00+05:30,388.1,388.4,387.5,387.75,190781,0
2026-05-18T12:45:00+05:30,387.75,388.0,387.3,387.65,156787,0
2026-05-18T12:50:00+05:30,387.75,388.7,387.65,388.55,198507,0
2026-05-18T12:55:00+05:30,388.55,389.95,388.4,389.85,217246,0
2026-05-18T13:00:00+05:30,389.85,391.35,389.85,391.2,210346,0
2026-05-18T13:05:00+05:30,391.2,391.3,389.75,389.8,185058,0
2026-05-18T13:10:00+05:30,389.8,390.35,389.15,389.8,293021,0
2026-05-18T13:15:00+05:30,389.85,390.95,389.55,390.7,172110,0
2026-05-18T13:20:00+05:30,390.7,391.35,390.05,391.35,161797,0
2026-05-18T13:25:00+05:30,391.35,392.2,391.15,391.6,257668,0
2026-05-18T13:30:00+05:30,391.6,392.3,391.35,391.85,177039,0
2026-05-18T13:35:00+05:30,391.9,392.0,390.8,391.1,195936,0
2026-05-18T13:40:00+05:30,391.0,391.9,390.75,391.75,151399,0
2026-05-18T13:45:00+05:30,391.65,392.45,391.4,392.4,220984,0
2026-05-18T13:50:00+05:30,392.4,393.0,392.25,392.85,194358,0
2026-05-18T13:55:00+05:30,392.8,393.0,392.05,392.25,206070,0
2026-05-18T14:00:00+05:30,392.25,392.25,391.4,391.8,190068,0
2026-05-18T14:05:00+05:30,391.85,392.0,391.35,391.4,232704,0
2026-05-18T14:10:00+05:30,391.5,391.9,391.0,391.85,352614,0
2026-05-18T14:15:00+05:30,391.85,391.9,391.2,391.65,170531,0
2026-05-18T14:20:00+05:30,391.65,391.75,390.7,390.75,297790,0
2026-05-18T14:25:00+05:30,390.8,391.6,390.45,391.1,281599,0
2026-05-18T14:30:00+05:30,391.1,391.9,390.9,391.35,156070,0
2026-05-18T14:35:00+05:30,391.5,391.6,390.15,390.15,165907,0
2026-05-18T14:40:00+05:30,390.2,391.15,390.15,390.95,121936,0
2026-05-18T14:45:00+05:30,390.9,391.2,390.3,390.3,235535,0
2026-05-18T14:50:00+05:30,390.3,390.75,390.05,390.6,207106,0
2026-05-18T14:55:00+05:30,390.6,391.15,390.3,390.75,360874,0
2026-05-18T15:00:00+05:30,390.8,392.6,390.65,392.5,594538,0
2026-05-18T15:05:00+05:30,392.5,392.6,391.2,391.4,409572,0
2026-05-18T15:10:00+05:30,391.45,391.9,391.35,391.65,210755,0
2026-05-18T15:15:00+05:30,391.7,391.7,390.9,391.35,389849,0
2026-05-18T15:20:00+05:30,391.3,391.9,391.25,391.75,402832,0
2026-05-18T15:25:00+05:30,391.75,391.75,390.0,391.45,278153,0
2026-05-19T09:15:00+05:30,388.5,391.8,388.5,389.3,612465,0
2026-05-19T09:20:00+05:30,389.4,390.25,388.75,389.4,272734,0
2026-05-19T09:25:00+05:30,389.45,390.5,389.4,389.8,207113,0
2026-05-19T09:30:00+05:30,389.8,389.95,388.3,388.55,215280,0
2026-05-19T09:35:00+05:30,388.55,389.15,387.35,389.05,196127,0
2026-05-19T09:40:00+05:30,389.05,390.25,388.9,389.9,159018,0
2026-05-19T09:45:00+05:30,390.05,390.1,389.2,389.3,133089,0
2026-05-19T09:50:00+05:30,389.3,389.65,388.65,389.25,146560,0
2026-05-19T09:55:00+05:30,389.25,389.3,388.65,388.85,81664,0
2026-05-19T10:00:00+05:30,388.85,389.4,388.6,388.75,122501,0
2026-05-19T10:05:00+05:30,388.75,389.25,388.55,388.9,119001,0
2026-05-19T10:10:00+05:30,388.9,389.5,388.7,389.15,118383,0
2026-05-19T10:15:00+05:30,389.15,389.5,388.7,388.85,116386,0
2026-05-19T10:20:00+05:30,388.85,389.0,388.1,388.55,136286,0
2026-05-19T10:25:00+05:30,388.6,388.95,388.35,388.45,82164,0
2026-05-19T10:30:00+05:30,388.5,388.85,388.35,388.45,107501,0
2026-05-19T10:35:00+05:30,388.45,388.6,388.3,388.45,67363,0
2026-05-19T10:40:00+05:30,388.5,388.95,388.3,388.75,160604,0
2026-05-19T10:45:00+05:30,388.75,389.25,388.7,388.85,95957,0
2026-05-19T10:50:00+05:30,388.85,389.3,388.2,388.3,307720,0
2026-05-19T10:55:00+05:30,388.3,388.75,388.05,388.5,193374,0
2026-05-19T11:00:00+05:30,388.65,389.45,388.45,388.5,165031,0
2026-05-19T11:05:00+05:30,388.55,388.55,387.7,388.0,166697,0
2026-05-19T11:10:00+05:30,388.05,388.15,387.3,387.3,447761,0
2026-05-19T11:15:00+05:30,387.35,387.35,386.35,386.65,371618,0
2026-05-19T11:20:00+05:30,386.75,386.9,386.55,386.65,62455,0
2026-05-19T11:25:00+05:30,386.7,386.7,386.3,386.65,88528,0
2026-05-19T11:30:00+05:30,386.65,386.9,386.4,386.5,70719,0
2026-05-19T11:35:00+05:30,386.5,387.35,386.45,386.8,316050,0
2026-05-19T11:40:00+05:30,386.9,387.2,386.75,386.75,135712,0
2026-05-19T11:45:00+05:30,386.8,386.85,386.5,386.65,91829,0
2026-05-19T11:50:00+05:30,386.75,386.85,386.6,386.6,96894,0
2026-05-19T11:55:00+05:30,386.7,387.55,386.5,386.9,568079,0
2026-05-19T12:00:00+05:30,387.0,387.1,386.6,386.65,113075,0
2026-05-19T12:05:00+05:30,386.65,387.0,386.5,386.7,77110,0
2026-05-19T12:10:00+05:30,386.7,386.7,386.5,386.55,46226,0
2026-05-19T12:15:00+05:30,386.55,387.0,385.8,386.4,403130,0
2026-05-19T12:20:00+05:30,386.5,387.15,386.1,386.1,120476,0
2026-05-19T12:25:00+05:30,386.2,386.35,385.55,386.15,130026,0
2026-05-19T12:30:00+05:30,386.15,386.5,385.7,385.75,237687,0
2026-05-19T12:35:00+05:30,385.8,385.9,385.5,385.5,118376,0
2026-05-19T12:40:00+05:30,385.55,385.6,385.0,385.3,221838,0
2026-05-19T12:45:00+05:30,385.25,385.3,384.3,384.95,399338,0
2026-05-19T12:50:00+05:30,385.0,385.0,384.65,384.7,152583,0
2026-05-19T12:55:00+05:30,384.85,385.1,384.6,385.1,193070,0
2026-05-19T13:00:00+05:30,385.1,386.25,385.0,385.35,274792,0
2026-05-19T13:05:00+05:30,385.4,385.6,385.0,385.15,99860,0
2026-05-19T13:10:00+05:30,385.2,385.2,384.85,385.0,62089,0
2026-05-19T13:15:00+05:30,385.05,385.3,384.75,385.0,157085,0
2026-05-19T13:20:00+05:30,385.0,385.05,384.8,385.0,109619,0
2026-05-19T13:25:00+05:30,385.0,385.05,384.95,384.95,138933,0
2026-05-19T13:30:00+05:30,385.05,385.65,384.95,385.65,389125,0
2026-05-19T13:35:00+05:30,385.65,385.7,384.5,384.75,161970,0
2026-05-19T13:40:00+05:30,384.75,384.75,384.05,384.15,89471,0
2026-05-19T13:45:00+05:30,384.15,384.85,384.0,384.45,148307,0
2026-05-19T13:50:00+05:30,384.45,384.75,384.2,384.55,97872,0
2026-05-19T13:55:00+05:30,384.55,384.75,383.4,383.8,332074,0
2026-05-19T14:00:00+05:30,383.85,384.4,383.5,384.2,275116,0
2026-05-19T14:05:00+05:30,384.3,384.3,384.0,384.2,191380,0
2026-05-19T14:10:00+05:30,384.25,384.35,383.55,383.95,539355,0
2026-05-19T14:15:00+05:30,384.0,384.4,383.85,384.15,109288,0
2026-05-19T14:20:00+05:30,384.15,385.25,384.0,385.1,448392,0
2026-05-19T14:25:00+05:30,385.1,385.15,383.7,383.7,276944,0
2026-05-19T14:30:00+05:30,383.75,383.8,382.0,382.5,1237498,0
2026-05-19T14:35:00+05:30,382.5,382.7,381.85,382.3,865734,0
2026-05-19T14:40:00+05:30,382.3,382.4,381.8,382.15,446271,0
2026-05-19T14:45:00+05:30,382.15,382.15,380.6,380.9,372165,0
2026-05-19T14:50:00+05:30,380.9,381.25,380.65,380.8,307863,0
2026-05-19T14:55:00+05:30,380.8,381.25,380.25,381.0,650162,0
2026-05-19T15:00:00+05:30,381.15,381.95,380.85,381.55,1108373,0
2026-05-19T15:05:00+05:30,381.6,381.85,381.4,381.45,519144,0
2026-05-19T15:10:00+05:30,381.5,381.5,380.7,381.4,800370,0
2026-05-19T15:15:00+05:30,381.35,382.3,381.1,382.25,1479330,0
2026-05-19T15:20:00+05:30,382.2,383.45,381.75,381.75,1749016,0
2026-05-19T15:25:00+05:30,381.75,383.0,381.25,382.4,553284,0
2026-05-20T09:15:00+05:30,376.3,379.85,376.3,379.5,777145,0
2026-05-20T09:20:00+05:30,379.5,379.55,378.5,378.75,368086,0
2026-05-20T09:25:00+05:30,378.75,378.9,378.0,378.55,65607,0
2026-05-20T09:30:00+05:30,378.55,380.35,378.45,380.25,147890,0
2026-05-20T09:35:00+05:30,380.25,380.3,379.2,379.75,102511,0
2026-05-20T09:40:00+05:30,379.75,380.25,379.0,380.25,168390,0
2026-05-20T09:45:00+05:30,380.35,380.4,379.05,379.25,143917,0
2026-05-20T09:50:00+05:30,379.35,380.0,379.1,379.95,183650,0
2026-05-20T09:55:00+05:30,379.95,380.0,379.25,379.7,103232,0
2026-05-20T10:00:00+05:30,379.7,379.75,378.15,378.2,164111,0
2026-05-20T10:05:00+05:30,378.3,378.3,377.55,377.95,51027,0
2026-05-20T10:10:00+05:30,377.95,378.2,377.45,378.0,55831,0
2026-05-20T10:15:00+05:30,378.0,378.7,377.65,378.35,103260,0
2026-05-20T10:20:00+05:30,378.3,378.35,377.75,377.8,87705,0
2026-05-20T10:25:00+05:30,377.8,378.95,377.5,378.8,59247,0
2026-05-20T10:30:00+05:30,378.8,380.0,378.7,379.55,152417,0
2026-05-20T10:35:00+05:30,379.55,379.95,379.5,379.5,67303,0
2026-05-20T10:40:00+05:30,379.55,379.55,378.8,378.8,180671,0
2026-05-20T10:45:00+05:30,378.8,379.0,378.3,378.35,54477,0
2026-05-20T10:50:00+05:30,378.35,379.2,378.3,378.95,64791,0
2026-05-20T10:55:00+05:30,379.1,379.85,378.75,379.75,74831,0
2026-05-20T11:00:00+05:30,379.9,380.4,379.65,380.2,376612,0
2026-05-20T11:05:00+05:30,380.2,380.4,379.9,380.05,71488,0
2026-05-20T11:10:00+05:30,380.05,380.6,379.8,380.0,223876,0
2026-05-20T11:15:00+05:30,380.0,380.1,379.5,380.0,40257,0
2026-05-20T11:20:00+05:30,379.95,380.65,379.7,380.45,60728,0
2026-05-20T11:25:00+05:30,380.45,381.35,380.3,381.25,117317,0
2026-05-20T11:30:00+05:30,381.25,381.7,381.15,381.6,85267,0
2026-05-20T11:35:00+05:30,381.65,382.2,381.45,381.8,268930,0
2026-05-20T11:40:00+05:30,381.85,382.2,381.35,381.85,362164,0
2026-05-20T11:45:00+05:30,381.9,382.7,381.7,382.65,106564,0
2026-05-20T11:50:00+05:30,382.7,382.85,382.1,382.2,80526,0
2026-05-20T11:55:00+05:30,382.2,382.5,382.05,382.15,44831,0
2026-05-20T12:00:00+05:30,382.15,382.2,381.85,382.1,113281,0
2026-05-20T12:05:00+05:30,382.05,382.2,381.75,381.9,93898,0
2026-05-20T12:10:00+05:30,381.9,382.45,381.6,382.15,164386,0
2026-05-20T12:15:00+05:30,382.15,382.6,382.0,382.1,53032,0
2026-05-20T12:20:00+05:30,382.1,382.7,382.05,382.65,48935,0
2026-05-20T12:25:00+05:30,382.7,382.7,382.15,382.25,61828,0
2026-05-20T12:30:00+05:30,382.3,383.3,382.3,382.75,72440,0
2026-05-20T12:35:00+05:30,382.75,382.8,382.2,382.45,53285,0
2026-05-20T12:40:00+05:30,382.5,382.9,382.4,382.75,142422,0
2026-05-20T12:45:00+05:30,382.75,383.0,382.35,382.75,44667,0
2026-05-20T12:50:00+05:30,382.75,383.0,382.7,383.0,28414,0
2026-05-20T12:55:00+05:30,383.0,383.25,382.7,383.05,56948,0
2026-05-20T13:00:00+05:30,383.05,383.2,382.35,382.85,113087,0
2026-05-20T13:05:00+05:30,382.85,383.0,382.5,383.0,50468,0
2026-05-20T13:10:00+05:30,382.95,383.5,382.7,383.15,123252,0
2026-05-20T13:15:00+05:30,383.15,383.2,382.35,382.65,73044,0
2026-05-20T13:20:00+05:30,382.7,382.95,382.0,382.2,125974,0
2026-05-20T13:25:00+05:30,382.2,382.4,381.25,381.5,284250,0
2026-05-20T13:30:00+05:30,381.55,381.55,380.9,381.2,125116,0
2026-05-20T13:35:00+05:30,381.25,381.65,380.9,381.4,131056,0
2026-05-20T13:40:00+05:30,381.4,381.45,380.95,381.1,91849,0
2026-05-20T13:45:00+05:30,381.1,381.25,380.7,380.9,97036,0
2026-05-20T13:50:00+05:30,380.95,381.4,380.65,381.25,72663,0
2026-05-20T13:55:00+05:30,381.35,381.9,381.0,381.9,80066,0
2026-05-20T14:00:00+05:30,381.95,383.05,381.9,382.35,126093,0
2026-05-20T14:05:00+05:30,382.45,383.0,382.3,383.0,131688,0
2026-05-20T14:10:00+05:30,383.0,383.2,382.7,382.75,102188,0
2026-05-20T14:15:00+05:30,382.8,383.3,382.7,382.9,119250,0
2026-05-20T14:20:00+05:30,383.0,384.0,382.8,383.65,144847,0
2026-05-20T14:25:00+05:30,383.65,383.75,383.2,383.45,106665,0
2026-05-20T14:30:00+05:30,383.45,383.85,383.2,383.4,120801,0
2026-05-20T14:35:00+05:30,383.45,383.75,383.05,383.2,148152,0
2026-05-20T14:40:00+05:30,383.2,383.75,383.15,383.6,99047,0
2026-05-20T14:45:00+05:30,383.6,383.8,382.95,383.3,273218,0
2026-05-20T14:50:00+05:30,383.4,383.8,383.05,383.6,182532,0
2026-05-20T14:55:00+05:30,383.6,383.9,383.1,383.1,127432,0
2026-05-20T15:00:00+05:30,383.25,383.55,382.6,382.65,512111,0
2026-05-20T15:05:00+05:30,382.6,383.45,382.55,383.05,430406,0
2026-05-20T15:10:00+05:30,383.05,383.9,383.0,383.6,385888,0
2026-05-20T15:15:00+05:30,383.6,384.05,383.4,383.4,602011,0
2026-05-20T15:20:00+05:30,383.45,383.75,383.0,383.25,556537,0
2026-05-20T15:25:00+05:30,383.15,383.25,381.5,383.0,581944,0
2026-05-21T09:15:00+05:30,384.7,386.45,383.5,383.8,180539,0
2026-05-21T09:20:00+05:30,383.8,384.6,383.75,384.1,162072,0
2026-05-21T09:25:00+05:30,384.1,384.2,383.05,383.3,88438,0
2026-05-21T09:30:00+05:30,383.3,383.5,382.35,382.7,144390,0
2026-05-21T09:35:00+05:30,382.7,383.05,382.25,382.75,96971,0
2026-05-21T09:40:00+05:30,382.75,383.95,382.2,383.8,63474,0
2026-05-21T09:45:00+05:30,383.75,383.75,383.15,383.6,50343,0
2026-05-21T09:50:00+05:30,383.6,384.8,383.4,384.6,132814,0
2026-05-21T09:55:00+05:30,384.55,384.95,383.75,383.85,95065,0
2026-05-21T10:00:00+05:30,383.9,384.6,383.6,383.6,83357,0
2026-05-21T10:05:00+05:30,383.65,383.65,382.7,382.9,64465,0
2026-05-21T10:10:00+05:30,382.9,383.45,382.75,383.2,148413,0
2026-05-21T10:15:00+05:30,383.3,384.5,383.15,384.3,127145,0
2026-05-21T10:20:00+05:30,384.3,384.55,383.55,383.75,53055,0
2026-05-21T10:25:00+05:30,383.75,384.0,383.2,383.7,81658,0
2026-05-21T10:30:00+05:30,383.7,383.85,383.0,383.6,183720,0
2026-05-21T10:35:00+05:30,383.6,383.6,382.8,383.0,124289,0
2026-05-21T10:40:00+05:30,383.0,383.35,382.8,383.35,206331,0
2026-05-21T10:45:00+05:30,383.35,383.9,383.25,383.45,61735,0
2026-05-21T10:50:00+05:30,383.45,383.5,382.5,383.3,202243,0
2026-05-21T10:55:00+05:30,383.3,383.4,382.8,383.25,234702,0
2026-05-21T11:00:00+05:30,383.25,383.25,382.8,383.0,54176,0
2026-05-21T11:05:00+05:30,383.0,383.0,382.2,382.5,113433,0
2026-05-21T11:10:00+05:30,382.5,382.5,382.0,382.05,144917,0
2026-05-21T11:15:00+05:30,382.1,382.3,380.85,381.55,173295,0
2026-05-21T11:20:00+05:30,381.65,382.3,381.5,382.05,85813,0
2026-05-21T11:25:00+05:30,382.15,383.0,381.9,382.85,435142,0
2026-05-21T11:30:00+05:30,383.0,383.35,382.5,383.05,94359,0
2026-05-21T11:35:00+05:30,383.1,383.35,382.9,383.15,74380,0
2026-05-21T11:40:00+05:30,383.15,383.15,382.15,382.55,130262,0
2026-05-21T11:45:00+05:30,382.55,383.05,382.5,382.6,125238,0
2026-05-21T11:50:00+05:30,382.6,383.45,382.6,382.65,167024,0
2026-05-21T11:55:00+05:30,382.75,382.9,382.25,382.4,212022,0
2026-05-21T12:00:00+05:30,382.55,382.8,382.15,382.25,141291,0
2026-05-21T12:05:00+05:30,382.25,383.05,382.05,382.45,327280,0
2026-05-21T12:10:00+05:30,382.5,383.0,381.6,381.65,165072,0
2026-05-21T12:15:00+05:30,381.75,381.75,380.6,381.05,84812,0
2026-05-21T12:20:00+05:30,381.2,381.2,380.3,380.3,58765,0
2026-05-21T12:25:00+05:30,380.4,380.55,379.45,379.95,220318,0
2026-05-21T12:30:00+05:30,379.95,380.1,379.45,379.75,81235,0
2026-05-21T12:35:00+05:30,379.85,380.0,379.2,379.9,223584,0
2026-05-21T12:40:00+05:30,379.9,380.0,379.25,379.6,143437,0
2026-05-21T12:45:00+05:30,379.65,379.8,379.0,379.4,99811,0
2026-05-21T12:50:00+05:30,379.45,379.95,379.3,379.55,103171,0
2026-05-21T12:55:00+05:30,379.55,379.55,378.65,378.9,98770,0
2026-05-21T13:00:00+05:30,378.95,378.95,378.1,378.5,124838,0
2026-05-21T13:05:00+05:30,378.5,378.65,378.1,378.45,57759,0
2026-05-21T13:10:00+05:30,378.5,378.7,378.3,378.45,43116,0
2026-05-21T13:15:00+05:30,378.5,378.65,378.25,378.55,34668,0
2026-05-21T13:20:00+05:30,378.65,378.65,378.2,378.4,31355,0
2026-05-21T13:25:00+05:30,378.4,378.85,378.3,378.5,40248,0
2026-05-21T13:30:00+05:30,378.5,378.8,378.4,378.45,34528,0
2026-05-21T13:35:00+05:30,378.6,379.5,378.45,379.25,62640,0
2026-05-21T13:40:00+05:30,379.25,379.8,379.25,379.55,58931,0
2026-05-21T13:45:00+05:30,379.6,380.4,379.4,379.4,100956,0
2026-05-21T13:50:00+05:30,379.5,379.6,378.7,379.0,73169,0
2026-05-21T13:55:00+05:30,379.0,379.1,378.45,379.05,55070,0
2026-05-21T14:00:00+05:30,379.1,379.1,377.9,378.15,79788,0
2026-05-21T14:05:00+05:30,378.15,378.9,378.15,378.65,51180,0
2026-05-21T14:10:00+05:30,378.7,379.55,378.5,379.2,232429,0
2026-05-21T14:15:00+05:30,379.2,380.15,378.7,380.05,412284,0
2026-05-21T14:20:00+05:30,380.1,380.4,380.0,380.25,66853,0
2026-05-21T14:25:00+05:30,380.25,380.35,380.05,380.05,50384,0
2026-05-21T14:30:00+05:30,380.15,380.8,380.0,380.8,73382,0
2026-05-21T14:35:00+05:30,380.8,381.3,380.65,380.9,69165,0
2026-05-21T14:40:00+05:30,380.95,381.8,380.65,381.15,75700,0
2026-05-21T14:45:00+05:30,381.15,381.8,380.9,381.2,129855,0
2026-05-21T14:50:00+05:30,381.35,381.75,381.25,381.6,83721,0
2026-05-21T14:55:00+05:30,381.6,381.95,380.8,381.0,117666,0
2026-05-21T15:00:00+05:30,381.1,381.55,380.35,380.95,361725,0
2026-05-21T15:05:00+05:30,380.95,381.15,380.2,380.4,322575,0
2026-05-21T15:10:00+05:30,380.4,381.1,380.2,381.05,305339,0
2026-05-21T15:15:00+05:30,381.1,381.1,380.4,380.65,266728,0
2026-05-21T15:20:00+05:30,380.6,381.15,380.5,381.1,236217,0
2026-05-21T15:25:00+05:30,381.0,381.6,380.25,381.5,311183,0
2026-05-22T09:15:00+05:30,381.0,384.2,381.0,383.7,178555,0
2026-05-22T09:20:00+05:30,383.9,384.9,383.7,384.7,110548,0
2026-05-22T09:25:00+05:30,384.75,384.95,384.05,384.3,88337,0
2026-05-22T09:30:00+05:30,384.3,385.7,383.8,385.25,250688,0
2026-05-22T09:35:00+05:30,385.25,385.7,384.5,384.8,106814,0
2026-05-22T09:40:00+05:30,384.8,384.9,383.8,384.7,129963,0
2026-05-22T09:45:00+05:30,384.75,385.0,384.15,384.3,64385,0
2026-05-22T09:50:00+05:30,384.3,385.25,384.25,384.85,98736,0
2026-05-22T09:55:00+05:30,385.05,385.15,384.45,384.75,54843,0
2026-05-22T10:00:00+05:30,384.75,385.3,384.55,384.7,71359,0
2026-05-22T10:05:00+05:30,384.7,385.7,384.35,385.5,169491,0
2026-05-22T10:10:00+05:30,385.5,386.1,385.35,385.8,114621,0
2026-05-22T10:15:00+05:30,385.8,386.2,385.6,385.95,186068,0
2026-05-22T10:20:00+05:30,386.0,386.1,385.5,385.5,48111,0
2026-05-22T10:25:00+05:30,385.65,385.65,384.95,385.05,55478,0
2026-05-22T10:30:00+05:30,385.1,385.85,384.9,385.0,55004,0
2026-05-22T10:35:00+05:30,385.0,385.45,384.7,384.85,33097,0
2026-05-22T10:40:00+05:30,384.8,385.45,384.75,385.0,55403,0
2026-05-22T10:45:00+05:30,385.1,385.3,384.6,384.85,35924,0
2026-05-22T10:50:00+05:30,384.85,384.85,384.45,384.6,36372,0
2026-05-22T10:55:00+05:30,384.65,384.75,384.35,384.5,73090,0
2026-05-22T11:00:00+05:30,384.55,384.6,383.75,384.05,92576,0
2026-05-22T11:05:00+05:30,384.05,384.45,383.9,384.3,66287,0
2026-05-22T11:10:00+05:30,384.2,384.65,384.0,384.05,65383,0
2026-05-22T11:15:00+05:30,384.05,384.25,383.35,383.7,68460,0
2026-05-22T11:20:00+05:30,383.8,384.0,383.35,383.95,52367,0
2026-05-22T11:25:00+05:30,383.95,384.0,383.05,383.2,125974,0
2026-05-22T11:30:00+05:30,383.2,383.4,382.7,382.9,101247,0
2026-05-22T11:35:00+05:30,382.85,383.0,382.75,383.0,38888,0
2026-05-22T11:40:00+05:30,383.0,383.75,382.85,383.65,102861,0
2026-05-22T11:45:00+05:30,383.7,384.85,383.65,384.5,255108,0
2026-05-22T11:50:00+05:30,384.5,384.55,384.05,384.2,43210,0
2026-05-22T11:55:00+05:30,384.2,384.3,383.85,384.2,57779,0
2026-05-22T12:00:00+05:30,384.2,384.5,384.05,384.25,100306,0
2026-05-22T12:05:00+05:30,384.25,384.6,383.85,383.85,100100,0
2026-05-22T12:10:00+05:30,383.95,384.45,383.85,384.25,112960,0
2026-05-22T12:15:00+05:30,384.4,384.95,384.0,384.6,179957,0
2026-05-22T12:20:00+05:30,384.6,384.6,383.8,383.95,83572,0
2026-05-22T12:25:00+05:30,383.95,384.25,383.5,383.6,70345,0
2026-05-22T12:30:00+05:30,383.6,383.6,382.8,383.0,76692,0
2026-05-22T12:35:00+05:30,383.0,384.0,383.0,383.3,304651,0
2026-05-22T12:40:00+05:30,383.3,383.85,383.2,383.4,130923,0
2026-05-22T12:45:00+05:30,383.55,384.8,383.35,384.45,181766,0
2026-05-22T12:50:00+05:30,384.55,386.1,384.45,385.65,508841,0
2026-05-22T12:55:00+05:30,385.8,385.8,385.05,385.55,128101,0
2026-05-22T13:00:00+05:30,385.45,385.85,384.8,385.15,145932,0
2026-05-22T13:05:00+05:30,385.2,385.25,384.75,385.0,106091,0
2026-05-22T13:10:00+05:30,384.9,385.1,384.6,384.65,122020,0
2026-05-22T13:15:00+05:30,384.65,385.05,384.45,384.8,112981,0
2026-05-22T13:20:00+05:30,384.85,385.2,384.65,385.05,168729,0
2026-05-22T13:25:00+05:30,385.05,385.35,384.7,385.1,138119,0
2026-05-22T13:30:00+05:30,385.25,385.75,384.95,385.7,153738,0
2026-05-22T13:35:00+05:30,385.7,385.9,385.0,385.2,325922,0
2026-05-22T13:40:00+05:30,385.35,385.85,385.1,385.5,248817,0
2026-05-22T13:45:00+05:30,385.55,386.3,385.3,385.8,399414,0
2026-05-22T13:50:00+05:30,385.95,386.1,385.4,385.6,122214,0
2026-05-22T13:55:00+05:30,385.65,385.7,385.0,385.25,148825,0
2026-05-22T14:00:00+05:30,385.35,385.5,384.3,384.3,232538,0
2026-05-22T14:05:00+05:30,384.4,385.1,384.0,385.0,130166,0
2026-05-22T14:10:00+05:30,385.1,385.1,384.5,384.75,92343,0
2026-05-22T14:15:00+05:30,384.8,384.95,384.5,384.55,82373,0
2026-05-22T14:20:00+05:30,384.65,384.85,383.25,384.0,203392,0
2026-05-22T14:25:00+05:30,384.05,384.05,383.35,383.35,77666,0
2026-05-22T14:30:00+05:30,383.4,383.95,383.0,383.6,97117,0
2026-05-22T14:35:00+05:30,383.65,383.65,383.0,383.0,115498,0
2026-05-22T14:40:00+05:30,383.15,383.4,383.0,383.2,98147,0
2026-05-22T14:45:00+05:30,383.2,383.5,383.1,383.3,79488,0
2026-05-22T14:50:00+05:30,383.45,383.5,383.3,383.35,48545,0
2026-05-22T14:55:00+05:30,383.2,383.4,383.0,383.2,75078,0
2026-05-22T15:00:00+05:30,383.25,383.9,383.2,383.3,226912,0
2026-05-22T15:05:00+05:30,383.35,383.7,383.0,383.1,222889,0
2026-05-22T15:10:00+05:30,383.1,384.35,383.05,384.25,382290,0
2026-05-22T15:15:00+05:30,384.25,384.85,384.1,384.6,325061,0
2026-05-22T15:20:00+05:30,384.65,385.0,384.35,385.0,323053,0
2026-05-22T15:25:00+05:30,385.0,385.35,384.2,384.6,262099,0
2026-05-25T09:15:00+05:30,388.3,391.05,387.25,389.3,812178,0
2026-05-25T09:20:00+05:30,389.35,390.1,388.6,390.1,305011,0
2026-05-25T09:25:00+05:30,390.0,391.3,389.85,391.0,688290,0
2026-05-25T09:30:00+05:30,391.0,391.15,390.05,391.0,431312,0
2026-05-25T09:35:00+05:30,391.15,391.15,390.55,390.9,247422,0
2026-05-25T09:40:00+05:30,391.05,391.95,390.8,391.8,251326,0
2026-05-25T09:45:00+05:30,391.8,391.9,391.35,391.7,134893,0
2026-05-25T09:50:00+05:30,391.7,391.85,391.55,391.8,111925,0
2026-05-25T09:55:00+05:30,391.8,392.0,391.0,391.35,190548,0
2026-05-25T10:00:00+05:30,391.35,392.0,390.85,391.7,204690,0
2026-05-25T10:05:00+05:30,391.7,392.0,391.25,392.0,153148,0
2026-05-25T10:10:00+05:30,392.0,392.0,391.5,391.8,57247,0
2026-05-25T10:15:00+05:30,391.8,391.9,391.45,391.6,99640,0
2026-05-25T10:20:00+05:30,391.6,391.65,390.9,391.0,67998,0
2026-05-25T10:25:00+05:30,391.0,391.35,390.75,391.0,83150,0
2026-05-25T10:30:00+05:30,391.0,391.95,390.9,391.95,263615,0
2026-05-25T10:35:00+05:30,392.0,392.15,391.65,392.1,339533,0
2026-05-25T10:40:00+05:30,392.15,392.5,391.85,392.15,220636,0
2026-05-25T10:45:00+05:30,392.15,392.65,391.6,392.05,417456,0
2026-05-25T10:50:00+05:30,392.1,392.2,391.8,392.0,164760,0
2026-05-25T10:55:00+05:30,392.05,392.1,391.8,392.0,176110,0
2026-05-25T11:00:00+05:30,392.05,392.1,391.5,391.6,243898,0
2026-05-25T11:05:00+05:30,391.65,391.8,391.45,391.55,215129,0
2026-05-25T11:10:00+05:30,391.55,391.9,391.3,391.9,269410,0
2026-05-25T11:15:00+05:30,391.9,391.95,391.45,391.5,221061,0
2026-05-25T11:20:00+05:30,391.5,391.75,391.2,391.7,224082,0
2026-05-25T11:25:00+05:30,391.7,392.0,391.2,391.85,245743,0
2026-05-25T11:30:00+05:30,392.0,392.15,391.5,392.0,275045,0
2026-05-25T11:35:00+05:30,392.0,392.1,391.65,392.0,159614,0
2026-05-25T11:40:00+05:30,392.0,392.75,391.85,392.75,190190,0
2026-05-25T11:45:00+05:30,392.75,393.6,392.55,393.25,295828,0
2026-05-25T11:50:00+05:30,393.35,394.65,393.2,394.1,327458,0
2026-05-25T11:55:00+05:30,394.15,394.6,394.05,394.25,191935,0
2026-05-25T12:00:00+05:30,394.4,394.4,393.2,393.55,301763,0
2026-05-25T12:05:00+05:30,393.6,394.35,393.3,394.05,124458,0
2026-05-25T12:10:00+05:30,394.05,394.9,394.0,394.65,132932,0
2026-05-25T12:15:00+05:30,394.75,395.15,394.55,394.95,188151,0
2026-05-25T12:20:00+05:30,394.95,395.0,393.35,393.5,262109,0
2026-05-25T12:25:00+05:30,393.55,393.6,392.3,392.7,135214,0
2026-05-25T12:30:00+05:30,392.75,392.85,391.4,392.1,197403,0
2026-05-25T12:35:00+05:30,392.15,392.5,391.55,391.7,106225,0
2026-05-25T12:40:00+05:30,391.75,392.2,391.5,391.9,84558,0
2026-05-25T12:45:00+05:30,391.9,392.0,391.25,391.45,66732,0
2026-05-25T12:50:00+05:30,391.6,391.9,391.35,391.85,43176,0
2026-05-25T12:55:00+05:30,391.8,391.9,391.3,391.45,144581,0
2026-05-25T13:00:00+05:30,391.65,392.15,391.2,392.1,145430,0
2026-05-25T13:05:00+05:30,392.1,392.65,391.65,392.35,260709,0
2026-05-25T13:10:00+05:30,392.35,392.75,392.15,392.5,230731,0
2026-05-25T13:15:00+05:30,392.5,392.7,392.3,392.55,84036,0
2026-05-25T13:20:00+05:30,392.55,392.65,392.15,392.25,71547,0
2026-05-25T13:25:00+05:30,392.35,392.5,392.05,392.25,197535,0
2026-05-25T13:30:00+05:30,392.25,392.25,391.85,392.0,258752,0
2026-05-25T13:35:00+05:30,392.0,392.0,391.7,392.0,73130,0
2026-05-25T13:40:00+05:30,392.0,392.0,391.8,391.95,50391,0
2026-05-25T13:45:00+05:30,391.95,392.0,391.9,392.0,55615,0
2026-05-25T13:50:00+05:30,392.0,392.35,391.9,392.3,212277,0
2026-05-25T13:55:00+05:30,392.35,392.4,391.95,392.05,73954,0
2026-05-25T14:00:00+05:30,392.0,392.3,391.9,392.0,132484,0
2026-05-25T14:05:00+05:30,392.0,392.0,391.75,392.0,66549,0
2026-05-25T14:10:00+05:30,392.0,392.25,391.55,391.6,163996,0
2026-05-25T14:15:00+05:30,391.55,391.8,391.25,391.3,93895,0
2026-05-25T14:20:00+05:30,391.35,391.7,391.05,391.6,431782,0
2026-05-25T14:25:00+05:30,391.6,392.0,391.15,391.45,360119,0
2026-05-25T14:30:00+05:30,391.45,391.5,391.0,391.25,86566,0
2026-05-25T14:35:00+05:30,391.25,391.3,390.55,390.9,161881,0
2026-05-25T14:40:00+05:30,390.95,391.5,390.7,391.15,155115,0
2026-05-25T14:45:00+05:30,391.25,392.65,391.15,392.2,362434,0
2026-05-25T14:50:00+05:30,392.25,392.75,392.05,392.4,136192,0
2026-05-25T14:55:00+05:30,392.4,392.45,391.6,391.95,121343,0
2026-05-25T15:00:00+05:30,391.95,392.15,391.85,392.0,100941,0
2026-05-25T15:05:00+05:30,392.1,392.25,391.7,392.2,154599,0
2026-05-25T15:10:00+05:30,392.2,393.25,391.95,392.8,173703,0
2026-05-25T15:15:00+05:30,392.8,393.05,392.5,392.85,162370,0
2026-05-25T15:20:00+05:30,392.8,393.0,392.6,392.95,442219,0
2026-05-25T15:25:00+05:30,392.9,394.55,392.75,393.25,448206,0
2026-05-26T09:15:00+05:30,392.85,394.95,390.8,391.9,266082,0
2026-05-26T09:20:00+05:30,391.85,391.95,391.05,391.2,94129,0
2026-05-26T09:25:00+05:30,391.2,391.35,390.45,391.1,105027,0
2026-05-26T09:30:00+05:30,391.1,391.3,390.5,390.75,85515,0
2026-05-26T09:35:00+05:30,390.75,391.65,390.35,391.3,80241,0
2026-05-26T09:40:00+05:30,391.3,391.7,390.65,390.85,123154,0
2026-05-26T09:45:00+05:30,390.9,390.95,389.85,390.0,130936,0
2026-05-26T09:50:00+05:30,390.0,390.15,389.65,389.7,94673,0
2026-05-26T09:55:00+05:30,389.65,389.75,388.35,389.1,164759,0
2026-05-26T10:00:00+05:30,389.1,389.25,388.75,389.0,91388,0
2026-05-26T10:05:00+05:30,389.0,389.35,388.85,389.15,117086,0
2026-05-26T10:10:00+05:30,389.15,389.7,389.0,389.55,91717,0
2026-05-26T10:15:00+05:30,389.6,389.8,389.0,389.0,105277,0
2026-05-26T10:20:00+05:30,389.0,390.25,388.8,390.15,163049,0
2026-05-26T10:25:00+05:30,390.2,391.0,390.0,390.7,175772,0
2026-05-26T10:30:00+05:30,390.85,391.4,390.75,391.2,153999,0
2026-05-26T10:35:00+05:30,391.1,391.4,390.65,391.1,139206,0
2026-05-26T10:40:00+05:30,390.95,391.4,390.8,391.25,140175,0
2026-05-26T10:45:00+05:30,391.25,391.4,391.05,391.2,121492,0
2026-05-26T10:50:00+05:30,391.35,391.55,390.8,391.4,108219,0
2026-05-26T10:55:00+05:30,391.4,391.75,391.05,391.2,114571,0
2026-05-26T11:00:00+05:30,391.35,391.65,391.05,391.45,118138,0
2026-05-26T11:05:00+05:30,391.4,391.55,390.55,391.0,236110,0
2026-05-26T11:10:00+05:30,391.0,391.3,390.65,390.95,205971,0
2026-05-26T11:15:00+05:30,390.9,391.25,390.7,390.9,139003,0
2026-05-26T11:20:00+05:30,390.9,391.15,390.0,390.05,138841,0
2026-05-26T11:25:00+05:30,390.05,390.4,389.8,389.95,134175,0
2026-05-26T11:30:00+05:30,390.0,390.35,389.45,390.2,126279,0
2026-05-26T11:35:00+05:30,389.95,390.75,389.95,390.7,171030,0
2026-05-26T11:40:00+05:30,390.6,390.8,390.15,390.3,292494,0
2026-05-26T11:45:00+05:30,390.35,390.85,389.85,390.4,429094,0
2026-05-26T11:50:00+05:30,390.4,390.65,390.0,390.55,156152,0
2026-05-26T11:55:00+05:30,390.55,390.6,389.3,389.6,227835,0
2026-05-26T12:00:00+05:30,389.65,389.9,389.0,389.6,249827,0
2026-05-26T12:05:00+05:30,389.5,389.7,389.1,389.2,100423,0
2026-05-26T12:10:00+05:30,389.35,389.75,388.85,389.0,161666,0
2026-05-26T12:15:00+05:30,389.1,389.45,389.0,389.15,89395,0
2026-05-26T12:20:00+05:30,389.2,389.3,389.0,389.0,80307,0
2026-05-26T12:25:00+05:30,389.0,389.2,388.05,388.15,187646,0
2026-05-26T12:30:00+05:30,388.2,388.55,387.4,387.5,180234,0
2026-05-26T12:35:00+05:30,387.5,389.0,387.3,388.55,294260,0
2026-05-26T12:40:00+05:30,388.55,388.8,387.8,387.85,93148,0
2026-05-26T12:45:00+05:30,388.05,388.05,387.4,387.7,79725,0
2026-05-26T12:50:00+05:30,387.8,388.45,387.3,388.3,106815,0
2026-05-26T12:55:00+05:30,388.3,388.35,387.5,388.0,231987,0
2026-05-26T13:00:00+05:30,388.0,388.15,387.0,387.15,317666,0
2026-05-26T13:05:00+05:30,387.35,388.0,387.0,387.55,130548,0
2026-05-26T13:10:00+05:30,387.55,388.2,387.3,387.35,102503,0
2026-05-26T13:15:00+05:30,387.5,388.1,387.15,388.05,122792,0
2026-05-26T13:20:00+05:30,387.85,388.75,387.8,388.55,159710,0
2026-05-26T13:25:00+05:30,388.6,388.75,388.0,388.25,141219,0
2026-05-26T13:30:00+05:30,388.25,388.5,388.0,388.05,177923,0
2026-05-26T13:35:00+05:30,388.05,389.05,387.8,388.1,487106,0
2026-05-26T13:40:00+05:30,388.05,388.4,387.8,387.85,144834,0
2026-05-26T13:45:00+05:30,387.8,388.35,387.6,387.95,141473,0
2026-05-26T13:50:00+05:30,387.8,388.05,387.25,387.85,174998,0
2026-05-26T13:55:00+05:30,387.8,387.85,387.4,387.75,206134,0
2026-05-26T14:00:00+05:30,387.6,388.2,387.55,387.7,218094,0
2026-05-26T14:05:00+05:30,387.55,388.2,387.5,388.0,189772,0
2026-05-26T14:10:00+05:30,388.0,388.25,387.3,388.0,241122,0
2026-05-26T14:15:00+05:30,388.1,388.35,387.5,387.75,262549,0
2026-05-26T14:20:00+05:30,387.7,388.3,387.45,387.95,223421,0
2026-05-26T14:25:00+05:30,388.05,388.45,387.45,388.15,210281,0
2026-05-26T14:30:00+05:30,388.35,388.4,387.9,388.2,217061,0
2026-05-26T14:35:00+05:30,388.0,388.25,387.5,387.9,214987,0
2026-05-26T14:40:00+05:30,387.95,388.15,387.7,388.0,138427,0
2026-05-26T14:45:00+05:30,388.0,388.15,387.55,387.65,164925,0
2026-05-26T14:50:00+05:30,387.65,388.0,387.35,387.6,166642,0
2026-05-26T14:55:00+05:30,387.75,388.2,387.6,387.95,97459,0
2026-05-26T15:00:00+05:30,388.05,388.3,387.3,388.3,490430,0
2026-05-26T15:05:00+05:30,388.3,389.15,387.8,388.2,798639,0
2026-05-26T15:10:00+05:30,388.2,388.55,388.1,388.3,417530,0
2026-05-26T15:15:00+05:30,388.35,389.05,388.35,388.75,584631,0
2026-05-26T15:20:00+05:30,388.7,389.5,388.65,389.4,678507,0
2026-05-26T15:25:00+05:30,389.4,390.0,389.0,389.5,481585,0
2026-05-27T09:15:00+05:30,388.55,389.15,386.7,388.05,346932,0
2026-05-27T09:20:00+05:30,388.15,389.15,388.05,389.1,59439,0
2026-05-27T09:25:00+05:30,389.1,389.15,388.05,388.35,40462,0
2026-05-27T09:30:00+05:30,388.35,388.4,387.6,388.05,113541,0
2026-05-27T09:35:00+05:30,388.05,388.15,387.4,387.7,154278,0
2026-05-27T09:40:00+05:30,387.85,388.45,387.7,388.1,27092,0
2026-05-27T09:45:00+05:30,388.2,388.2,387.35,387.8,34214,0
2026-05-27T09:50:00+05:30,387.8,387.85,387.3,387.75,44325,0
2026-05-27T09:55:00+05:30,387.8,387.95,387.0,387.1,38379,0
2026-05-27T10:00:00+05:30,387.2,388.0,386.85,388.0,53124,0
2026-05-27T10:05:00+05:30,387.95,389.4,387.8,389.0,91749,0
2026-05-27T10:10:00+05:30,389.05,389.75,388.9,389.6,104769,0
2026-05-27T10:15:00+05:30,389.6,390.5,389.25,389.5,90000,0
2026-05-27T10:20:00+05:30,389.35,390.05,389.35,389.8,82737,0
2026-05-27T10:25:00+05:30,389.7,390.1,389.45,389.5,119679,0
2026-05-27T10:30:00+05:30,389.6,389.8,389.1,389.15,77598,0
2026-05-27T10:35:00+05:30,389.15,390.0,389.15,389.8,88810,0
2026-05-27T10:40:00+05:30,389.8,390.25,389.2,389.65,119022,0
2026-05-27T10:45:00+05:30,389.65,390.0,388.45,388.6,125692,0
2026-05-27T10:50:00+05:30,388.7,389.4,388.7,389.25,46330,0
2026-05-27T10:55:00+05:30,389.25,389.55,389.05,389.1,40147,0
2026-05-27T11:00:00+05:30,389.1,389.35,388.6,389.35,33958,0
2026-05-27T11:05:00+05:30,389.1,390.0,388.8,389.1,155420,0
2026-05-27T11:10:00+05:30,389.2,389.6,388.7,389.35,58636,0
2026-05-27T11:15:00+05:30,389.4,389.95,389.2,389.8,35583,0
2026-05-27T11:20:00+05:30,389.85,390.1,389.5,389.5,40402,0
2026-05-27T11:25:00+05:30,389.6,389.85,389.35,389.5,43054,0
2026-05-27T11:30:00+05:30,389.5,389.85,389.1,389.15,75047,0
2026-05-27T11:35:00+05:30,389.1,389.45,388.65,388.8,38947,0
2026-05-27T11:40:00+05:30,388.9,389.0,388.35,388.35,51823,0
2026-05-27T11:45:00+05:30,388.5,389.25,388.3,389.0,252082,0
2026-05-27T11:50:00+05:30,389.2,389.5,389.0,389.0,41622,0
2026-05-27T11:55:00+05:30,389.0,389.4,388.9,389.3,72368,0
2026-05-27T12:00:00+05:30,389.3,389.4,388.85,389.05,92807,0
2026-05-27T12:05:00+05:30,389.05,389.15,388.4,388.65,106810,0
2026-05-27T12:10:00+05:30,388.8,389.0,388.05,388.5,92196,0
2026-05-27T12:15:00+05:30,388.55,389.3,388.3,389.0,136649,0
2026-05-27T12:20:00+05:30,389.1,389.6,389.0,389.25,34540,0
2026-05-27T12:25:00+05:30,389.4,389.5,388.7,388.95,61069,0
2026-05-27T12:30:00+05:30,388.95,389.25,388.7,388.95,52568,0
2026-05-27T12:35:00+05:30,388.95,389.5,388.9,389.2,21645,0
2026-05-27T12:40:00+05:30,389.2,389.3,388.95,389.0,23491,0
2026-05-27T12:45:00+05:30,389.0,389.05,388.75,388.85,16645,0
2026-05-27T12:50:00+05:30,388.85,388.95,388.55,388.8,27807,0
2026-05-27T12:55:00+05:30,388.8,388.9,388.2,388.25,21696,0
2026-05-27T13:00:00+05:30,388.35,388.45,387.75,388.2,62752,0
2026-05-27T13:05:00+05:30,388.35,389.0,388.05,388.25,256482,0
2026-05-27T13:10:00+05:30,388.4,388.65,388.15,388.4,270350,0
2026-05-27T13:15:00+05:30,388.4,388.75,388.15,388.55,69517,0
2026-05-27T13:20:00+05:30,388.6,388.85,388.5,388.6,40716,0
2026-05-27T13:25:00+05:30,388.7,388.7,388.5,388.55,42158,0
2026-05-27T13:30:00+05:30,388.6,388.65,388.05,388.15,23157,0
2026-05-27T13:35:00+05:30,388.25,388.7,387.9,387.9,38651,0
2026-05-27T13:40:00+05:30,387.95,388.3,387.7,388.2,103510,0
2026-05-27T13:45:00+05:30,388.2,388.4,387.45,388.0,264694,0
2026-05-27T13:50:00+05:30,388.2,389.0,387.8,388.65,65326,0
2026-05-27T13:55:00+05:30,388.8,389.25,388.65,388.95,148628,0
2026-05-27T14:00:00+05:30,389.1,389.95,388.9,388.95,777921,0
2026-05-27T14:05:00+05:30,389.1,389.85,388.9,389.45,249845,0
2026-05-27T14:10:00+05:30,389.5,390.0,389.2,389.35,151311,0
2026-05-27T14:15:00+05:30,389.5,389.65,389.2,389.35,174417,0
2026-05-27T14:20:00+05:30,389.5,390.0,389.2,389.75,159171,0
2026-05-27T14:25:00+05:30,389.8,389.95,389.35,389.65,158230,0
2026-05-27T14:30:00+05:30,389.5,389.65,389.15,389.3,149163,0
2026-05-27T14:35:00+05:30,389.3,389.55,388.8,389.05,239123,0
2026-05-27T14:40:00+05:30,389.1,389.2,388.2,388.55,203426,0
2026-05-27T14:45:00+05:30,388.6,388.65,388.05,388.2,182407,0
2026-05-27T14:50:00+05:30,388.2,388.35,387.85,388.05,192728,0
2026-05-27T14:55:00+05:30,388.1,388.95,387.95,388.65,161542,0
2026-05-27T15:00:00+05:30,388.75,388.8,388.05,388.15,260901,0
2026-05-27T15:05:00+05:30,388.15,389.35,387.75,388.3,353493,0
2026-05-27T15:10:00+05:30,388.35,388.7,388.0,388.2,213732,0
2026-05-27T15:15:00+05:30,388.25,389.35,388.2,389.0,236811,0
2026-05-27T15:20:00+05:30,389.05,389.35,389.0,389.15,244955,0
2026-05-27T15:25:00+05:30,389.2,389.8,388.1,389.4,334775,0
2026-05-29T09:15:00+05:30,388.85,390.4,386.0,389.15,699989,0
2026-05-29T09:20:00+05:30,389.25,390.0,387.45,387.85,221271,0
2026-05-29T09:25:00+05:30,388.0,388.1,387.1,387.15,113539,0
2026-05-29T09:30:00+05:30,387.1,387.55,385.75,386.0,117301,0
2026-05-29T09:35:00+05:30,386.0,386.85,385.8,385.95,106392,0
2026-05-29T09:40:00+05:30,385.95,386.4,385.0,385.0,172271,0
2026-05-29T09:45:00+05:30,385.1,386.1,385.0,386.0,119495,0
2026-05-29T09:50:00+05:30,386.0,386.8,385.9,386.4,84032,0
2026-05-29T09:55:00+05:30,386.4,387.3,386.25,387.25,97298,0
2026-05-29T10:00:00+05:30,387.25,387.75,387.0,387.6,67123,0
2026-05-29T10:05:00+05:30,387.65,389.75,387.6,389.6,114977,0
2026-05-29T10:10:00+05:30,389.7,390.3,389.6,390.3,113000,0
2026-05-29T10:15:00+05:30,390.3,390.45,390.0,390.25,78742,0
2026-05-29T10:20:00+05:30,390.2,391.2,390.2,391.05,113629,0
2026-05-29T10:25:00+05:30,390.9,391.15,390.2,390.3,72203,0
2026-05-29T10:30:00+05:30,390.25,390.4,389.7,389.75,59100,0
2026-05-29T10:35:00+05:30,389.9,390.4,389.65,390.05,78004,0
2026-05-29T10:40:00+05:30,390.05,390.35,389.7,390.0,61121,0
2026-05-29T10:45:00+05:30,390.0,390.45,389.9,390.3,67602,0
2026-05-29T10:50:00+05:30,390.3,390.5,390.0,390.3,67485,0
2026-05-29T10:55:00+05:30,390.3,390.75,390.15,390.5,61109,0
2026-05-29T11:00:00+05:30,390.55,390.75,390.05,390.45,61389,0
2026-05-29T11:05:00+05:30,390.45,390.75,390.3,390.75,71739,0
2026-05-29T11:10:00+05:30,390.75,390.85,390.35,390.6,55526,0
2026-05-29T11:15:00+05:30,390.6,391.0,390.45,390.9,76684,0
2026-05-29T11:20:00+05:30,390.9,391.75,390.65,391.6,131405,0
2026-05-29T11:25:00+05:30,391.6,391.6,391.0,391.45,57342,0
2026-05-29T11:30:00+05:30,391.45,391.7,391.0,391.05,65925,0
2026-05-29T11:35:00+05:30,391.05,391.45,391.0,391.25,58191,0
2026-05-29T11:40:00+05:30,391.25,391.45,391.05,391.45,49348,0
2026-05-29T11:45:00+05:30,391.45,392.1,391.35,391.8,184948,0
2026-05-29T11:50:00+05:30,391.65,392.45,391.6,392.25,71936,0
2026-05-29T11:55:00+05:30,392.25,392.55,391.7,392.15,112486,0
2026-05-29T12:00:00+05:30,392.15,392.25,390.1,390.35,188535,0
2026-05-29T12:05:00+05:30,390.25,390.45,389.35,389.45,175301,0
2026-05-29T12:10:00+05:30,389.4,389.45,388.5,388.75,348159,0
2026-05-29T12:15:00+05:30,388.75,388.9,387.8,388.4,188549,0
2026-05-29T12:20:00+05:30,388.4,389.0,388.15,389.0,67361,0
2026-05-29T12:25:00+05:30,389.0,389.85,388.8,389.8,86390,0
2026-05-29T12:30:00+05:30,389.8,390.7,389.6,390.7,105784,0
2026-05-29T12:35:00+05:30,390.55,390.6,390.0,390.3,77759,0
2026-05-29T12:40:00+05:30,390.25,391.05,390.0,390.0,103039,0
2026-05-29T12:45:00+05:30,390.1,390.4,390.0,390.15,86769,0
2026-05-29T12:50:00+05:30,390.1,390.3,390.0,390.05,64682,0
2026-05-29T12:55:00+05:30,390.05,390.15,389.3,389.8,480591,0
2026-05-29T13:00:00+05:30,389.8,389.8,389.2,389.45,84409,0
2026-05-29T13:05:00+05:30,389.45,389.5,388.7,388.85,186887,0
2026-05-29T13:10:00+05:30,388.85,388.9,387.9,388.3,288432,0
2026-05-29T13:15:00+05:30,388.25,388.55,387.4,387.4,573954,0
2026-05-29T13:20:00+05:30,387.45,387.5,386.6,386.75,183531,0
2026-05-29T13:25:00+05:30,386.8,387.6,386.55,386.9,211189,0
2026-05-29T13:30:00+05:30,386.9,388.05,386.2,386.4,427103,0
2026-05-29T13:35:00+05:30,386.45,387.2,385.8,386.35,399119,0
2026-05-29T13:40:00+05:30,386.4,386.95,386.25,386.85,108838,0
2026-05-29T13:45:00+05:30,386.85,387.1,386.4,386.75,249371,0
2026-05-29T13:50:00+05:30,386.75,387.0,386.15,386.15,78140,0
2026-05-29T13:55:00+05:30,386.15,386.8,386.0,386.65,106794,0
2026-05-29T14:00:00+05:30,386.65,387.0,386.6,386.85,52171,0
2026-05-29T14:05:00+05:30,386.85,387.3,386.5,386.85,70682,0
2026-05-29T14:10:00+05:30,386.85,387.05,386.6,386.6,66911,0
2026-05-29T14:15:00+05:30,386.6,387.0,386.25,386.45,167561,0
2026-05-29T14:20:00+05:30,386.45,387.0,386.45,386.9,103406,0
2026-05-29T14:25:00+05:30,386.9,387.4,386.85,387.15,149145,0
2026-05-29T14:30:00+05:30,387.15,388.05,387.1,387.6,111078,0
2026-05-29T14:35:00+05:30,387.75,388.35,387.7,387.85,114416,0
2026-05-29T14:40:00+05:30,388.0,388.15,387.4,387.85,145907,0
2026-05-29T14:45:00+05:30,387.95,388.2,387.5,387.85,261956,0
2026-05-29T14:50:00+05:30,387.85,388.1,386.95,387.0,247151,0
2026-05-29T14:55:00+05:30,386.9,387.3,386.2,387.15,273965,0
2026-05-29T15:00:00+05:30,387.1,387.15,381.9,383.65,5785882,0
2026-05-29T15:05:00+05:30,383.7,386.05,382.95,385.4,5538085,0
2026-05-29T15:10:00+05:30,385.4,385.75,383.75,384.75,5607489,0
2026-05-29T15:15:00+05:30,384.7,385.5,383.55,385.25,4595945,0
2026-05-29T15:20:00+05:30,385.25,385.25,381.95,382.25,4339931,0
2026-05-29T15:25:00+05:30,382.15,388.4,381.25,385.65,3826082,0
2026-06-01T09:15:00+05:30,384.15,387.0,381.0,384.05,792904,0
2026-06-01T09:20:00+05:30,384.05,384.45,382.9,383.15,308858,0
2026-06-01T09:25:00+05:30,383.2,383.55,382.1,383.0,331533,0
2026-06-01T09:30:00+05:30,383.05,383.5,382.5,383.4,208292,0
2026-06-01T09:35:00+05:30,383.45,383.75,382.2,383.5,141974,0
2026-06-01T09:40:00+05:30,383.55,384.0,382.3,382.6,156119,0
2026-06-01T09:45:00+05:30,382.65,383.25,382.35,383.2,73391,0
2026-06-01T09:50:00+05:30,383.15,383.5,382.7,382.95,82145,0
2026-06-01T09:55:00+05:30,382.95,383.2,382.1,382.35,86241,0
2026-06-01T10:00:00+05:30,382.3,383.0,381.55,381.55,113676,0
2026-06-01T10:05:00+05:30,381.6,382.4,381.55,382.35,286837,0
2026-06-01T10:10:00+05:30,382.35,382.45,381.55,381.75,87816,0
2026-06-01T10:15:00+05:30,381.75,382.45,381.2,381.75,102845,0
2026-06-01T10:20:00+05:30,381.6,381.85,381.1,381.25,42293,0
2026-06-01T10:25:00+05:30,381.25,381.4,379.7,379.9,349703,0
2026-06-01T10:30:00+05:30,379.9,380.15,379.4,379.8,86489,0
2026-06-01T10:35:00+05:30,379.8,380.6,379.65,380.15,108357,0
2026-06-01T10:40:00+05:30,380.2,380.65,379.7,380.35,127152,0
2026-06-01T10:45:00+05:30,380.35,381.75,380.3,381.3,812353,0
2026-06-01T10:50:00+05:30,381.2,381.25,380.1,380.55,393745,0
2026-06-01T10:55:00+05:30,380.5,380.9,380.1,380.25,137855,0
2026-06-01T11:00:00+05:30,380.4,380.8,380.15,380.45,103509,0
2026-06-01T11:05:00+05:30,380.5,380.8,380.0,380.65,90139,0
2026-06-01T11:10:00+05:30,380.7,380.85,380.0,380.6,118843,0
2026-06-01T11:15:00+05:30,380.7,380.75,380.0,380.45,113854,0
2026-06-01T11:20:00+05:30,380.45,380.5,379.9,380.0,76501,0
2026-06-01T11:25:00+05:30,379.9,380.1,379.05,379.3,102941,0
2026-06-01T11:30:00+05:30,379.3,379.6,379.1,379.3,69162,0
2026-06-01T11:35:00+05:30,379.3,379.9,379.25,379.5,65752,0
2026-06-01T11:40:00+05:30,379.5,380.0,379.25,379.7,123396,0
2026-06-01T11:45:00+05:30,379.7,379.85,379.2,379.6,94025,0
2026-06-01T11:50:00+05:30,379.8,379.95,379.25,379.65,66811,0
2026-06-01T11:55:00+05:30,379.6,379.6,378.0,378.1,161821,0
2026-06-01T12:00:00+05:30,378.15,378.75,378.0,378.55,80638,0
2026-06-01T12:05:00+05:30,378.55,379.2,378.35,378.8,146831,0
2026-06-01T12:10:00+05:30,378.8,380.05,378.4,379.2,376451,0
2026-06-01T12:15:00+05:30,379.1,380.1,378.85,380.0,278086,0
2026-06-01T12:20:00+05:30,380.0,380.05,379.2,379.4,62569,0
2026-06-01T12:25:00+05:30,379.4,379.7,379.15,379.7,54996,0
2026-06-01T12:30:00+05:30,379.7,380.15,379.4,380.0,398772,0
2026-06-01T12:35:00+05:30,380.0,380.0,379.7,380.0,30580,0
2026-06-01T12:40:00+05:30,380.0,380.1,379.35,379.5,43447,0
2026-06-01T12:45:00+05:30,379.5,380.05,379.3,379.9,38201,0
2026-06-01T12:50:00+05:30,379.9,380.25,379.65,379.85,41881,0
2026-06-01T12:55:00+05:30,379.85,379.85,378.95,379.35,35118,0
2026-06-01T13:00:00+05:30,379.35,379.35,378.35,378.55,75867,0
2026-06-01T13:05:00+05:30,378.6,378.7,377.7,377.85,69048,0
2026-06-01T13:10:00+05:30,377.8,378.15,377.55,377.95,53609,0
2026-06-01T13:15:00+05:30,377.9,378.4,377.8,378.2,45603,0
2026-06-01T13:20:00+05:30,378.25,378.85,377.8,377.85,130066,0
2026-06-01T13:25:00+05:30,377.85,378.0,377.15,377.85,70774,0
2026-06-01T13:30:00+05:30,377.8,378.0,377.6,377.85,59899,0
2026-06-01T13:35:00+05:30,377.85,377.95,377.55,377.85,37617,0
2026-06-01T13:40:00+05:30,377.8,377.85,377.2,377.35,35409,0
2026-06-01T13:45:00+05:30,377.35,377.45,376.75,376.95,86473,0
2026-06-01T13:50:00+05:30,377.2,377.3,376.9,377.05,76867,0
2026-06-01T13:55:00+05:30,376.9,377.5,376.85,377.3,80138,0
2026-06-01T14:00:00+05:30,377.4,377.9,376.85,377.75,301933,0
2026-06-01T14:05:00+05:30,377.75,378.05,377.1,377.7,163686,0
2026-06-01T14:10:00+05:30,377.7,377.7,377.0,377.25,73245,0
2026-06-01T14:15:00+05:30,377.25,377.4,376.65,377.0,115589,0
2026-06-01T14:20:00+05:30,376.95,377.35,376.7,376.9,168138,0
2026-06-01T14:25:00+05:30,376.9,377.35,376.6,376.7,66028,0
2026-06-01T14:30:00+05:30,376.7,376.95,376.2,376.8,84269,0
2026-06-01T14:35:00+05:30,376.8,377.05,376.25,376.7,239902,0
2026-06-01T14:40:00+05:30,376.7,377.15,376.15,376.55,289123,0
2026-06-01T14:45:00+05:30,376.55,377.05,376.3,376.35,196101,0
2026-06-01T14:50:00+05:30,376.45,376.7,375.75,376.05,209477,0
2026-06-01T14:55:00+05:30,376.05,376.3,375.65,376.1,301627,0
2026-06-01T15:00:00+05:30,376.1,377.75,376.0,377.75,261114,0
2026-06-01T15:05:00+05:30,377.7,378.35,377.2,378.05,277977,0
2026-06-01T15:10:00+05:30,378.05,378.3,376.9,377.0,283999,0
2026-06-01T15:15:00+05:30,377.0,377.45,376.75,376.95,260629,0
2026-06-01T15:20:00+05:30,376.95,377.45,376.8,377.4,295683,0
2026-06-01T15:25:00+05:30,377.4,378.0,377.1,378.0,259185,0
2026-06-02T09:15:00+05:30,373.0,376.05,372.2,374.7,704794,0
2026-06-02T09:20:00+05:30,374.95,375.15,374.05,375.1,212403,0
2026-06-02T09:25:00+05:30,375.1,375.95,374.45,375.4,170636,0
2026-06-02T09:30:00+05:30,375.25,375.65,374.3,375.6,220432,0
2026-06-02T09:35:00+05:30,375.5,376.25,375.4,375.9,144599,0
2026-06-02T09:40:00+05:30,375.85,375.9,374.2,374.85,169372,0
2026-06-02T09:45:00+05:30,374.9,375.7,374.75,375.35,162828,0
2026-06-02T09:50:00+05:30,375.3,375.9,374.9,375.6,112508,0
2026-06-02T09:55:00+05:30,375.7,376.0,375.0,375.65,130616,0
2026-06-02T10:00:00+05:30,375.6,376.4,375.5,376.15,150691,0
2026-06-02T10:05:00+05:30,376.15,376.45,375.4,375.85,139386,0
2026-06-02T10:10:00+05:30,375.8,375.85,375.3,375.3,107922,0
2026-06-02T10:15:00+05:30,375.3,377.3,375.1,377.15,206363,0
2026-06-02T10:20:00+05:30,377.15,378.25,377.1,378.1,133658,0
2026-06-02T10:25:00+05:30,378.2,378.65,377.95,378.25,132137,0
2026-06-02T10:30:00+05:30,378.25,378.55,377.6,378.0,115277,0
2026-06-02T10:35:00+05:30,378.0,378.45,377.65,377.9,166399,0
2026-06-02T10:40:00+05:30,377.9,378.2,377.4,378.0,152796,0
2026-06-02T10:45:00+05:30,377.8,378.7,377.75,378.35,132674,0
2026-06-02T10:50:00+05:30,378.35,378.5,377.5,377.85,136025,0
2026-06-02T10:55:00+05:30,377.85,378.65,377.5,378.6,105287,0
2026-06-02T11:00:00+05:30,378.45,379.0,378.3,378.55,140165,0
2026-06-02T11:05:00+05:30,378.55,378.75,377.8,377.8,125472,0
2026-06-02T11:10:00+05:30,377.85,378.95,377.7,378.25,176885,0
2026-06-02T11:15:00+05:30,378.1,378.25,376.85,377.4,140412,0
2026-06-02T11:20:00+05:30,377.4,379.1,377.25,378.75,131270,0
2026-06-02T11:25:00+05:30,378.75,378.85,377.5,377.75,103967,0
2026-06-02T11:30:00+05:30,377.75,378.5,377.75,378.35,96654,0
2026-06-02T11:35:00+05:30,378.35,378.4,376.65,376.75,130295,0
2026-06-02T11:40:00+05:30,376.75,377.4,376.55,377.0,93082,0
2026-06-02T11:45:00+05:30,377.0,377.35,376.65,377.0,103064,0
2026-06-02T11:50:00+05:30,377.0,377.2,376.8,376.9,78146,0
2026-06-02T11:55:00+05:30,376.9,377.3,376.3,376.45,85483,0
2026-06-02T12:00:00+05:30,376.55,377.4,376.3,377.1,85016,0
2026-06-02T12:05:00+05:30,377.0,377.65,376.65,377.4,107136,0
2026-06-02T12:10:00+05:30,377.55,377.65,376.95,376.95,128023,0
2026-06-02T12:15:00+05:30,376.95,377.55,376.8,377.4,98798,0
2026-06-02T12:20:00+05:30,377.4,377.55,377.15,377.35,80891,0
2026-06-02T12:25:00+05:30,377.35,377.4,376.55,376.75,96247,0
2026-06-02T12:30:00+05:30,376.75,378.25,376.5,377.75,190840,0
2026-06-02T12:35:00+05:30,377.8,378.25,377.6,378.05,102475,0
2026-06-02T12:40:00+05:30,378.0,379.0,377.85,378.85,100162,0
2026-06-02T12:45:00+05:30,378.75,380.5,378.75,380.2,218070,0
2026-06-02T12:50:00+05:30,380.1,380.85,379.85,380.05,144974,0
2026-06-02T12:55:00+05:30,380.15,381.35,379.85,380.85,335463,0
2026-06-02T13:00:00+05:30,380.85,381.0,380.35,380.7,187338,0
2026-06-02T13:05:00+05:30,380.7,381.15,380.6,380.65,130277,0
2026-06-02T13:10:00+05:30,380.65,381.5,380.2,380.8,178156,0
2026-06-02T13:15:00+05:30,380.85,381.1,380.7,380.8,81121,0
2026-06-02T13:20:00+05:30,380.85,380.95,380.3,380.9,269953,0
2026-06-02T13:25:00+05:30,380.9,381.1,380.3,381.0,268208,0
2026-06-02T13:30:00+05:30,381.0,381.55,380.75,381.15,151198,0
2026-06-02T13:35:00+05:30,381.15,381.2,380.5,381.0,77352,0
2026-06-02T13:40:00+05:30,381.0,381.3,380.55,380.85,77229,0
2026-06-02T13:45:00+05:30,380.8,381.15,380.55,380.65,150802,0
2026-06-02T13:50:00+05:30,380.8,381.1,380.45,380.85,93527,0
2026-06-02T13:55:00+05:30,380.85,381.3,380.5,381.15,94008,0
2026-06-02T14:00:00+05:30,381.15,381.15,380.65,381.0,107218,0
2026-06-02T14:05:00+05:30,381.0,381.5,380.95,381.45,107087,0
2026-06-02T14:10:00+05:30,381.45,381.5,381.2,381.45,118057,0
2026-06-02T14:15:00+05:30,381.45,381.5,380.75,380.95,133496,0
2026-06-02T14:20:00+05:30,380.9,381.5,380.8,381.4,168929,0
2026-06-02T14:25:00+05:30,381.35,381.4,380.05,380.45,244277,0
2026-06-02T14:30:00+05:30,380.45,380.5,380.1,380.4,106738,0
2026-06-02T14:35:00+05:30,380.4,380.45,380.0,380.0,139909,0
2026-06-02T14:40:00+05:30,380.05,380.45,379.75,380.1,336179,0
2026-06-02T14:45:00+05:30,380.1,380.35,379.9,380.15,180619,0
2026-06-02T14:50:00+05:30,380.1,380.45,379.95,380.1,103642,0
2026-06-02T14:55:00+05:30,380.1,380.2,379.85,380.05,289824,0
2026-06-02T15:00:00+05:30,380.0,380.35,379.9,380.2,417992,0
2026-06-02T15:05:00+05:30,380.2,380.8,380.05,380.45,369949,0
2026-06-02T15:10:00+05:30,380.35,380.8,380.05,380.05,309829,0
2026-06-02T15:15:00+05:30,380.2,380.5,379.3,379.85,462142,0
2026-06-02T15:20:00+05:30,379.8,379.85,376.95,379.2,2244333,0
2026-06-02T15:25:00+05:30,379.2,380.0,377.95,379.9,390200,0
2026-06-03T09:15:00+05:30,377.6,378.85,375.4,376.15,285892,0
2026-06-03T09:20:00+05:30,376.25,377.3,375.9,376.9,117186,0
2026-06-03T09:25:00+05:30,376.9,377.0,375.85,376.45,46611,0
2026-06-03T09:30:00+05:30,376.55,376.6,375.25,375.45,75198,0
2026-06-03T09:35:00+05:30,375.45,376.8,375.2,376.7,59973,0
2026-06-03T09:40:00+05:30,376.7,377.65,376.45,377.5,200258,0
2026-06-03T09:45:00+05:30,377.6,378.55,377.5,378.4,37992,0
2026-06-03T09:50:00+05:30,378.4,379.3,378.25,378.45,83674,0
2026-06-03T09:55:00+05:30,378.55,379.25,377.9,378.95,53606,0
2026-06-03T10:00:00+05:30,378.95,379.8,378.5,379.75,52223,0
2026-06-03T10:05:00+05:30,379.75,379.9,378.85,378.9,60596,0
2026-06-03T10:10:00+05:30,379.0,379.1,378.4,378.8,31937,0
2026-06-03T10:15:00+05:30,378.8,379.25,378.4,378.9,36875,0
2026-06-03T10:20:00+05:30,378.95,379.4,378.4,378.4,43428,0
2026-06-03T10:25:00+05:30,378.5,379.15,378.1,378.85,154769,0
2026-06-03T10:30:00+05:30,378.85,378.85,377.55,377.55,89151,0
2026-06-03T10:35:00+05:30,377.7,378.2,377.5,377.85,88578,0
2026-06-03T10:40:00+05:30,377.8,377.95,377.2,377.35,139791,0
2026-06-03T10:45:00+05:30,377.35,377.7,377.0,377.6,98637,0
2026-06-03T10:50:00+05:30,377.65,377.8,377.05,377.45,106896,0
2026-06-03T10:55:00+05:30,377.45,377.8,377.05,377.15,85564,0
2026-06-03T11:00:00+05:30,377.35,378.35,377.05,377.95,123878,0
2026-06-03T11:05:00+05:30,377.95,377.95,377.25,377.4,79029,0
2026-06-03T11:10:00+05:30,377.5,377.65,376.9,377.0,115798,0
2026-06-03T11:15:00+05:30,377.2,377.5,376.9,377.15,97227,0
2026-06-03T11:20:00+05:30,377.3,377.65,376.95,377.2,100498,0
2026-06-03T11:25:00+05:30,377.2,377.25,376.8,376.95,86410,0
2026-06-03T11:30:00+05:30,376.95,377.75,376.9,377.6,134331,0
2026-06-03T11:35:00+05:30,377.5,377.6,376.4,376.5,150562,0
2026-06-03T11:40:00+05:30,376.6,376.65,375.8,376.0,95138,0
2026-06-03T11:45:00+05:30,376.05,376.35,375.45,376.2,225840,0
2026-06-03T11:50:00+05:30,376.2,378.0,375.8,376.95,573647,0
2026-06-03T11:55:00+05:30,376.95,376.95,376.1,376.1,159283,0
2026-06-03T12:00:00+05:30,376.2,376.65,375.1,375.6,105014,0
2026-06-03T12:05:00+05:30,375.6,376.35,375.3,376.05,146457,0
2026-06-03T12:10:00+05:30,376.05,376.05,375.15,375.65,282020,0
2026-06-03T12:15:00+05:30,375.65,375.8,375.35,375.4,114189,0
2026-06-03T12:20:00+05:30,375.45,376.3,375.4,376.15,169352,0
2026-06-03T12:25:00+05:30,376.15,377.55,375.9,377.55,247863,0
2026-06-03T12:30:00+05:30,377.55,379.8,377.25,379.3,582194,0
2026-06-03T12:35:00+05:30,379.3,380.35,378.9,379.9,460408,0
2026-06-03T12:40:00+05:30,379.95,381.05,379.8,380.4,145939,0
2026-06-03T12:45:00+05:30,380.5,380.95,379.7,379.9,137500,0
2026-06-03T12:50:00+05:30,379.9,379.9,378.85,379.05,456945,0
2026-06-03T12:55:00+05:30,379.05,379.55,378.85,379.25,224123,0
2026-06-03T13:00:00+05:30,379.35,379.5,378.95,379.25,134213,0
2026-06-03T13:05:00+05:30,379.25,379.5,378.75,378.8,213095,0
2026-06-03T13:10:00+05:30,378.9,379.3,378.65,379.25,101811,0
2026-06-03T13:15:00+05:30,379.3,380.0,379.05,379.55,343338,0
2026-06-03T13:20:00+05:30,379.55,380.3,379.4,379.75,132029,0
2026-06-03T13:25:00+05:30,379.9,380.0,379.35,379.65,119231,0
2026-06-03T13:30:00+05:30,379.8,380.45,379.7,380.35,231717,0
2026-06-03T13:35:00+05:30,380.45,380.45,379.45,379.5,391022,0
2026-06-03T13:40:00+05:30,379.5,379.9,379.15,379.5,134574,0
2026-06-03T13:45:00+05:30,379.5,382.0,379.3,381.15,229882,0
2026-06-03T13:50:00+05:30,381.2,381.2,380.55,380.85,113544,0
2026-06-03T13:55:00+05:30,380.9,381.1,380.0,380.35,226011,0
2026-06-03T14:00:00+05:30,380.4,381.4,380.4,381.0,130639,0
2026-06-03T14:05:00+05:30,381.15,381.6,380.65,381.0,148483,0
2026-06-03T14:10:00+05:30,381.1,381.5,380.65,381.25,174719,0
2026-06-03T14:15:00+05:30,381.45,382.0,381.15,381.65,135617,0
2026-06-03T14:20:00+05:30,381.85,382.9,381.65,382.6,207852,0
2026-06-03T14:25:00+05:30,382.65,383.1,381.8,381.9,265832,0
2026-06-03T14:30:00+05:30,382.05,382.75,381.8,382.6,140366,0
2026-06-03T14:35:00+05:30,382.6,382.85,382.25,382.7,130613,0
2026-06-03T14:40:00+05:30,382.8,383.45,382.1,382.2,161135,0
2026-06-03T14:45:00+05:30,382.3,382.8,382.0,382.3,190477,0
2026-06-03T14:50:00+05:30,382.35,382.45,381.35,381.45,217433,0
2026-06-03T14:55:00+05:30,381.65,381.75,380.9,381.45,300753,0
2026-06-03T15:00:00+05:30,381.6,381.7,380.15,380.9,557701,0
2026-06-03T15:05:00+05:30,380.95,381.2,379.6,379.85,556866,0
2026-06-03T15:10:00+05:30,380.0,380.6,379.75,380.45,410604,0
2026-06-03T15:15:00+05:30,380.5,381.1,380.3,381.0,450405,0
2026-06-03T15:20:00+05:30,381.0,382.0,380.9,381.35,637986,0
2026-06-03T15:25:00+05:30,381.4,382.7,380.4,382.45,676927,0
2026-06-04T09:15:00+05:30,378.5,380.15,378.25,379.0,651045,0
2026-06-04T09:20:00+05:30,378.9,379.35,378.1,378.3,214004,0
2026-06-04T09:25:00+05:30,378.3,379.25,377.9,378.45,174553,0
2026-06-04T09:30:00+05:30,378.6,380.0,378.05,379.4,814744,0
2026-06-04T09:35:00+05:30,379.4,379.5,378.2,378.2,202950,0
2026-06-04T09:40:00+05:30,378.3,379.9,378.0,379.7,158978,0
2026-06-04T09:45:00+05:30,379.85,381.5,379.85,381.4,150651,0
2026-06-04T09:50:00+05:30,381.5,381.7,381.0,381.65,122165,0
2026-06-04T09:55:00+05:30,381.65,382.4,381.35,382.05,105408,0
2026-06-04T10:00:00+05:30,382.05,382.5,381.7,382.4,89590,0
2026-06-04T10:05:00+05:30,382.3,382.8,382.25,382.4,92233,0
2026-06-04T10:10:00+05:30,382.3,382.8,382.1,382.8,62679,0
2026-06-04T10:15:00+05:30,382.8,383.1,382.15,382.85,71938,0
2026-06-04T10:20:00+05:30,382.95,383.45,382.9,383.2,65248,0
2026-06-04T10:25:00+05:30,383.2,383.5,382.9,382.9,35892,0
2026-06-04T10:30:00+05:30,383.0,383.2,382.3,382.35,66833,0
2026-06-04T10:35:00+05:30,382.35,382.95,382.05,382.45,191192,0
2026-06-04T10:40:00+05:30,382.45,382.7,381.6,381.85,40174,0
2026-06-04T10:45:00+05:30,381.95,383.05,381.85,382.6,99118,0
2026-06-04T10:50:00+05:30,382.7,383.65,382.1,383.35,265814,0
2026-06-04T10:55:00+05:30,383.35,383.8,382.95,383.1,159832,0
2026-06-04T11:00:00+05:30,383.1,383.3,381.8,382.2,744848,0
2026-06-04T11:05:00+05:30,382.15,382.2,381.4,381.65,128799,0
2026-06-04T11:10:00+05:30,381.7,382.1,380.85,381.4,92525,0
2026-06-04T11:15:00+05:30,381.4,381.5,380.95,380.95,58464,0
2026-06-04T11:20:00+05:30,380.9,381.5,380.8,381.15,113892,0
2026-06-04T11:25:00+05:30,381.15,381.15,380.55,380.9,79445,0
2026-06-04T11:30:00+05:30,380.8,381.2,380.1,381.1,81773,0
2026-06-04T11:35:00+05:30,381.1,382.0,380.95,381.9,204374,0
2026-06-04T11:40:00+05:30,381.9,382.25,381.65,381.8,232713,0
2026-06-04T11:45:00+05:30,381.8,382.0,381.6,381.85,68457,0
2026-06-04T11:50:00+05:30,381.9,382.0,380.7,380.8,88833,0
2026-06-04T11:55:00+05:30,380.75,381.65,380.7,381.5,82367,0
2026-06-04T12:00:00+05:30,381.5,382.5,381.4,382.0,235241,0
2026-06-04T12:05:00+05:30,382.0,382.45,382.0,382.25,69233,0
2026-06-04T12:10:00+05:30,382.25,382.35,382.0,382.35,160945,0
2026-06-04T12:15:00+05:30,382.35,382.5,382.0,382.1,172419,0
2026-06-04T12:20:00+05:30,382.1,383.0,382.0,382.6,393127,0
2026-06-04T12:25:00+05:30,382.6,384.0,382.1,383.8,620553,0
2026-06-04T12:30:00+05:30,383.8,384.0,382.45,382.5,136932,0
2026-06-04T12:35:00+05:30,382.6,382.6,381.4,381.75,262268,0
2026-06-04T12:40:00+05:30,381.75,382.0,380.9,381.65,810437,0
2026-06-04T12:45:00+05:30,381.75,382.0,381.2,381.35,217826,0
2026-06-04T12:50:00+05:30,381.35,381.5,381.0,381.25,76126,0
2026-06-04T12:55:00+05:30,381.3,381.7,381.1,381.7,150358,0
2026-06-04T13:00:00+05:30,381.7,381.7,381.15,381.2,83454,0
2026-06-04T13:05:00+05:30,381.25,381.25,380.3,380.9,93772,0
2026-06-04T13:10:00+05:30,380.9,380.9,379.2,379.3,110019,0
2026-06-04T13:15:00+05:30,379.3,379.65,378.65,379.1,161389,0
2026-06-04T13:20:00+05:30,379.1,379.6,378.85,379.4,141601,0
2026-06-04T13:25:00+05:30,379.45,380.1,379.15,379.85,73810,0
2026-06-04T13:30:00+05:30,379.85,379.95,379.35,379.65,98352,0
2026-06-04T13:35:00+05:30,379.7,380.5,379.65,380.2,64876,0
2026-06-04T13:40:00+05:30,380.25,380.35,379.75,380.1,78843,0
2026-06-04T13:45:00+05:30,380.1,380.35,379.95,380.1,82938,0
2026-06-04T13:50:00+05:30,380.1,380.5,379.6,380.4,119531,0
2026-06-04T13:55:00+05:30,380.4,380.45,379.6,380.2,115393,0
2026-06-04T14:00:00+05:30,380.2,381.35,380.1,381.15,116155,0
2026-06-04T14:05:00+05:30,381.2,381.5,380.95,381.45,72268,0
2026-06-04T14:10:00+05:30,381.45,381.65,381.05,381.35,124551,0
2026-06-04T14:15:00+05:30,381.4,381.8,381.3,381.45,117650,0
2026-06-04T14:20:00+05:30,381.6,381.8,381.35,381.75,100975,0
2026-06-04T14:25:00+05:30,381.75,382.35,381.7,382.25,83905,0
2026-06-04T14:30:00+05:30,382.25,382.85,381.95,382.7,225587,0
2026-06-04T14:35:00+05:30,382.7,383.25,382.25,382.8,202241,0
2026-06-04T14:40:00+05:30,382.8,382.9,382.25,382.5,65856,0
2026-06-04T14:45:00+05:30,382.55,383.2,382.45,382.6,107375,0
2026-06-04T14:50:00+05:30,382.6,382.95,381.4,381.5,133175,0
2026-06-04T14:55:00+05:30,381.4,381.75,380.9,381.15,162592,0
2026-06-04T15:00:00+05:30,381.1,381.35,380.55,381.15,296392,0
2026-06-04T15:05:00+05:30,381.1,381.35,380.8,381.25,343672,0
2026-06-04T15:10:00+05:30,381.25,381.8,381.1,381.75,278776,0
2026-06-04T15:15:00+05:30,381.7,381.95,381.55,381.95,282772,0
2026-06-04T15:20:00+05:30,381.95,382.0,381.25,381.9,414622,0
2026-06-04T15:25:00+05:30,381.9,382.7,381.45,381.5,302939,0
2026-06-05T09:15:00+05:30,381.5,383.7,380.0,380.2,283092,0
2026-06-05T09:20:00+05:30,380.3,381.0,380.0,380.35,59801,0
2026-06-05T09:25:00+05:30,380.55,380.95,380.0,380.7,30491,0
2026-06-05T09:30:00+05:30,380.65,381.5,380.65,381.1,51595,0
2026-06-05T09:35:00+05:30,381.1,381.65,380.55,380.85,84550,0
2026-06-05T09:40:00+05:30,380.8,381.75,380.6,381.2,56803,0
2026-06-05T09:45:00+05:30,381.35,381.45,380.0,380.0,33091,0
2026-06-05T09:50:00+05:30,380.1,382.45,379.75,382.15,459503,0
2026-06-05T09:55:00+05:30,382.25,382.7,380.85,381.35,441377,0
2026-06-05T10:00:00+05:30,381.35,382.15,380.9,381.4,60109,0
2026-06-05T10:05:00+05:30,381.45,381.9,380.7,381.75,52468,0
2026-06-05T10:10:00+05:30,381.75,382.4,380.1,380.45,73425,0
2026-06-05T10:15:00+05:30,380.55,382.0,380.2,381.6,58721,0
2026-06-05T10:20:00+05:30,381.75,381.9,381.2,381.7,28981,0
2026-06-05T10:25:00+05:30,381.95,382.4,381.55,381.55,46962,0
2026-06-05T10:30:00+05:30,381.55,381.75,380.0,380.0,55215,0
2026-06-05T10:35:00+05:30,380.0,380.35,378.5,378.7,84606,0
2026-06-05T10:40:00+05:30,378.85,379.45,378.5,379.1,57503,0
2026-06-05T10:45:00+05:30,379.35,379.65,378.15,379.6,71311,0
2026-06-05T10:50:00+05:30,379.65,379.75,378.95,378.95,35454,0
2026-06-05T10:55:00+05:30,379.0,379.8,378.7,379.7,46125,0
2026-06-05T11:00:00+05:30,379.7,380.8,379.35,380.6,61958,0
2026-06-05T11:05:00+05:30,380.7,382.25,380.45,380.8,305990,0
2026-06-05T11:10:00+05:30,380.95,381.5,380.0,380.35,337493,0
2026-06-05T11:15:00+05:30,380.45,380.55,379.5,379.55,86713,0
2026-06-05T11:20:00+05:30,379.75,379.75,378.8,379.3,75174,0
2026-06-05T11:25:00+05:30,379.45,379.55,379.0,379.4,39795,0
2026-06-05T11:30:00+05:30,379.5,380.05,379.4,379.5,66076,0
2026-06-05T11:35:00+05:30,379.8,379.95,379.35,379.6,67818,0
2026-06-05T11:40:00+05:30,379.6,381.2,379.55,381.0,590293,0
2026-06-05T11:45:00+05:30,381.0,381.75,380.55,381.1,177049,0
2026-06-05T11:50:00+05:30,381.35,381.35,380.8,380.95,82207,0
2026-06-05T11:55:00+05:30,381.0,381.2,380.25,380.45,166981,0
2026-06-05T12:00:00+05:30,380.4,380.95,380.25,380.65,44803,0
2026-06-05T12:05:00+05:30,380.9,381.0,380.45,380.55,45352,0
2026-06-05T12:10:00+05:30,380.6,380.85,380.15,380.45,60830,0
2026-06-05T12:15:00+05:30,380.5,380.8,379.9,380.3,114769,0
2026-06-05T12:20:00+05:30,380.45,380.55,380.0,380.25,52148,0
2026-06-05T12:25:00+05:30,380.25,380.8,380.15,380.15,36690,0
2026-06-05T12:30:00+05:30,380.3,380.3,379.15,379.45,63538,0
2026-06-05T12:35:00+05:30,379.45,379.5,378.65,378.95,86914,0
2026-06-05T12:40:00+05:30,379.1,379.3,378.8,378.8,40913,0
2026-06-05T12:45:00+05:30,379.0,379.1,378.6,378.75,42001,0
2026-06-05T12:50:00+05:30,378.85,378.9,377.95,377.95,234272,0
2026-06-05T12:55:00+05:30,378.05,378.8,378.0,378.2,65391,0
2026-06-05T13:00:00+05:30,378.4,378.4,377.8,378.0,85139,0
2026-06-05T13:05:00+05:30,378.15,378.5,377.9,377.95,62880,0
2026-06-05T13:10:00+05:30,378.0,378.35,377.85,378.0,37255,0
2026-06-05T13:15:00+05:30,378.0,378.25,377.8,378.05,39033,0
2026-06-05T13:20:00+05:30,378.1,378.15,377.3,377.6,56014,0
2026-06-05T13:25:00+05:30,377.6,377.85,376.8,376.8,53817,0
2026-06-05T13:30:00+05:30,376.8,377.25,376.5,376.85,49135,0
2026-06-05T13:35:00+05:30,377.0,377.45,376.9,377.2,30973,0
2026-06-05T13:40:00+05:30,377.3,377.45,376.5,377.1,51491,0
2026-06-05T13:45:00+05:30,377.0,377.45,376.8,377.3,34115,0
2026-06-05T13:50:00+05:30,377.3,377.65,376.85,377.6,413012,0
2026-06-05T13:55:00+05:30,377.55,377.65,377.3,377.4,520667,0
2026-06-05T14:00:00+05:30,377.4,377.65,376.7,376.8,98738,0
2026-06-05T14:05:00+05:30,376.8,376.95,376.5,376.55,29255,0
2026-06-05T14:10:00+05:30,376.6,376.65,375.55,375.8,105205,0
2026-06-05T14:15:00+05:30,375.8,375.85,374.95,375.05,423641,0
2026-06-05T14:20:00+05:30,375.05,376.35,374.65,376.15,128007,0
2026-06-05T14:25:00+05:30,376.15,376.5,375.7,376.0,147558,0
2026-06-05T14:30:00+05:30,376.0,376.3,375.8,375.85,57579,0
2026-06-05T14:35:00+05:30,375.85,375.95,374.95,375.45,168737,0
2026-06-05T14:40:00+05:30,375.45,377.6,375.3,377.6,85567,0
2026-06-05T14:45:00+05:30,377.5,378.5,376.8,377.05,173593,0
2026-06-05T14:50:00+05:30,377.05,377.6,376.75,377.05,38856,0
2026-06-05T14:55:00+05:30,377.05,377.5,376.7,377.0,63638,0
2026-06-05T15:00:00+05:30,377.0,377.95,376.1,377.5,235896,0
2026-06-05T15:05:00+05:30,377.65,377.9,377.1,377.2,195732,0
2026-06-05T15:10:00+05:30,377.35,377.55,376.9,377.5,573867,0
2026-06-05T15:15:00+05:30,377.55,377.6,376.7,376.8,264406,0
2026-06-05T15:20:00+05:30,376.9,378.25,376.65,378.0,401429,0
2026-06-05T15:25:00+05:30,378.0,378.95,376.35,376.95,362139,0
2026-06-08T09:15:00+05:30,373.0,374.85,372.7,374.45,756151,0
2026-06-08T09:20:00+05:30,374.4,375.9,373.55,375.5,186248,0
2026-06-08T09:25:00+05:30,375.5,375.9,374.55,375.3,186654,0
2026-06-08T09:30:00+05:30,375.3,375.6,374.95,375.45,103319,0
2026-06-08T09:35:00+05:30,375.45,375.45,374.5,374.9,84292,0
2026-06-08T09:40:00+05:30,374.9,375.3,374.5,374.9,77650,0
2026-06-08T09:45:00+05:30,374.95,375.35,373.85,374.1,89767,0
2026-06-08T09:50:00+05:30,374.1,375.35,374.0,375.0,303553,0
2026-06-08T09:55:00+05:30,375.0,375.5,374.95,375.4,88140,0
2026-06-08T10:00:00+05:30,375.4,375.55,374.5,374.5,143735,0
2026-06-08T10:05:00+05:30,374.65,375.85,374.5,375.8,95561,0
2026-06-08T10:10:00+05:30,375.8,376.4,375.65,375.95,79170,0
2026-06-08T10:15:00+05:30,375.95,376.05,375.6,375.95,78078,0
2026-06-08T10:20:00+05:30,375.95,376.05,375.45,375.55,88685,0
2026-06-08T10:25:00+05:30,375.55,376.75,375.5,376.6,104249,0
2026-06-08T10:30:00+05:30,376.6,377.25,376.55,377.25,95413,0
2026-06-08T10:35:00+05:30,377.25,377.4,376.65,376.8,72579,0
2026-06-08T10:40:00+05:30,376.8,377.0,376.45,376.6,73914,0
2026-06-08T10:45:00+05:30,376.6,376.8,376.35,376.75,72513,0
2026-06-08T10:50:00+05:30,376.75,377.0,376.5,376.8,93488,0
2026-06-08T10:55:00+05:30,376.8,377.0,376.4,376.85,107998,0
2026-06-08T11:00:00+05:30,376.85,376.95,376.5,376.8,310246,0
2026-06-08T11:05:00+05:30,376.8,377.15,376.5,377.0,139557,0
2026-06-08T11:10:00+05:30,377.0,377.2,376.45,376.8,115493,0
2026-06-08T11:15:00+05:30,376.8,376.9,375.75,375.85,194218,0
2026-06-08T11:20:00+05:30,375.85,376.4,375.75,376.4,249969,0
2026-06-08T11:25:00+05:30,376.4,376.7,375.95,376.65,198938,0
2026-06-08T11:30:00+05:30,376.6,376.7,376.0,376.65,158398,0
2026-06-08T11:35:00+05:30,376.65,377.1,376.45,376.7,131764,0
2026-06-08T11:40:00+05:30,376.7,377.0,376.25,376.35,399716,0
2026-06-08T11:45:00+05:30,376.35,377.0,376.0,376.95,325052,0
2026-06-08T11:50:00+05:30,377.0,377.2,376.5,377.1,146004,0
2026-06-08T11:55:00+05:30,377.1,377.35,376.6,377.0,188771,0
2026-06-08T12:00:00+05:30,377.0,377.15,376.7,377.0,239891,0
2026-06-08T12:05:00+05:30,377.0,377.0,376.45,376.8,280843,0
2026-06-08T12:10:00+05:30,376.8,377.1,376.6,377.05,234631,0
2026-06-08T12:15:00+05:30,377.05,377.2,376.8,377.1,88623,0
2026-06-08T12:20:00+05:30,377.1,377.35,376.95,377.35,105218,0
2026-06-08T12:25:00+05:30,377.35,377.35,376.85,377.3,236991,0
2026-06-08T12:30:00+05:30,377.3,377.9,377.2,377.55,91124,0
2026-06-08T12:35:00+05:30,377.55,377.9,377.25,377.4,108205,0
2026-06-08T12:40:00+05:30,377.4,378.0,377.25,377.9,261355,0
2026-06-08T12:45:00+05:30,377.9,378.0,377.5,377.9,119467,0
2026-06-08T12:50:00+05:30,377.9,378.9,377.65,377.75,311721,0
2026-06-08T12:55:00+05:30,377.75,378.0,377.25,377.4,268035,0
2026-06-08T13:00:00+05:30,377.45,377.9,377.05,377.45,290169,0
2026-06-08T13:05:00+05:30,377.45,377.55,376.8,376.9,510340,0
2026-06-08T13:10:00+05:30,376.9,377.15,376.45,377.15,381015,0
2026-06-08T13:15:00+05:30,377.15,377.25,376.9,377.0,311334,0
2026-06-08T13:20:00+05:30,377.0,377.3,376.65,377.1,177945,0
2026-06-08T13:25:00+05:30,377.05,377.25,376.95,377.25,82624,0
2026-06-08T13:30:00+05:30,377.25,377.45,377.0,377.15,70657,0
2026-06-08T13:35:00+05:30,377.15,377.3,376.8,377.25,81379,0
2026-06-08T13:40:00+05:30,377.25,377.35,376.6,376.65,133453,0
2026-06-08T13:45:00+05:30,376.7,377.0,376.5,376.95,114648,0
2026-06-08T13:50:00+05:30,376.95,377.0,376.45,376.8,149224,0
2026-06-08T13:55:00+05:30,376.8,376.85,376.5,376.8,166210,0
2026-06-08T14:00:00+05:30,376.8,377.0,376.5,377.0,264579,0
2026-06-08T14:05:00+05:30,377.0,377.1,376.2,376.4,195066,0
2026-06-08T14:10:00+05:30,376.4,376.45,376.0,376.15,155260,0
2026-06-08T14:15:00+05:30,376.15,376.95,376.0,376.8,122671,0
2026-06-08T14:20:00+05:30,376.8,376.95,376.3,376.45,114615,0
2026-06-08T14:25:00+05:30,376.45,376.7,376.3,376.65,120796,0
2026-06-08T14:30:00+05:30,376.65,376.85,376.35,376.8,129409,0
2026-06-08T14:35:00+05:30,376.8,376.85,375.95,376.75,262946,0
2026-06-08T14:40:00+05:30,376.75,377.25,376.65,377.25,92279,0
2026-06-08T14:45:00+05:30,377.25,377.3,376.8,377.05,143612,0
2026-06-08T14:50:00+05:30,377.05,377.25,376.75,376.95,137623,0
2026-06-08T14:55:00+05:30,376.95,377.9,376.7,377.7,198405,0
2026-06-08T15:00:00+05:30,377.7,377.8,376.5,376.6,426627,0
2026-06-08T15:05:00+05:30,376.6,377.4,376.5,377.25,300929,0
2026-06-08T15:10:00+05:30,377.25,377.4,377.0,377.3,212025,0
2026-06-08T15:15:00+05:30,377.25,377.4,377.2,377.3,181039,0
2026-06-08T15:20:00+05:30,377.3,377.35,376.75,377.3,315592,0
2026-06-08T15:25:00+05:30,377.3,378.05,375.65,376.85,694294,0
2026-06-09T09:15:00+05:30,379.7,379.7,377.3,379.2,240467,0
2026-06-09T09:20:00+05:30,379.15,380.6,379.05,380.15,323946,0
2026-06-09T09:25:00+05:30,380.2,381.05,380.15,380.6,122878,0
2026-06-09T09:30:00+05:30,380.65,381.55,380.0,380.65,590908,0
2026-06-09T09:35:00+05:30,380.8,381.1,380.1,380.45,88406,0
2026-06-09T09:40:00+05:30,380.45,381.1,380.2,380.8,143125,0
2026-06-09T09:45:00+05:30,380.8,381.4,380.4,380.55,44560,0
2026-06-09T09:50:00+05:30,380.65,381.65,380.45,381.55,98656,0
2026-06-09T09:55:00+05:30,381.55,381.55,381.0,381.4,51267,0
2026-06-09T10:00:00+05:30,381.3,382.2,381.25,381.7,296560,0
2026-06-09T10:05:00+05:30,381.8,382.25,381.7,382.2,48255,0
2026-06-09T10:10:00+05:30,382.2,382.35,381.9,382.15,75436,0
2026-06-09T10:15:00+05:30,382.1,382.3,381.85,382.0,52543,0
2026-06-09T10:20:00+05:30,382.0,382.25,381.1,381.6,70656,0
2026-06-09T10:25:00+05:30,381.6,382.05,381.05,381.65,79946,0
2026-06-09T10:30:00+05:30,381.65,381.65,380.9,381.25,30565,0
2026-06-09T10:35:00+05:30,381.25,381.5,380.5,380.75,343395,0
2026-06-09T10:40:00+05:30,380.75,381.0,379.45,379.45,283788,0
2026-06-09T10:45:00+05:30,379.5,379.7,378.25,378.45,208115,0
2026-06-09T10:50:00+05:30,378.5,379.45,378.4,379.4,43913,0
2026-06-09T10:55:00+05:30,379.45,379.5,378.85,379.1,70511,0
2026-06-09T11:00:00+05:30,379.0,379.05,378.55,378.6,58624,0
2026-06-09T11:05:00+05:30,378.6,378.8,378.5,378.6,19439,0
2026-06-09T11:10:00+05:30,378.55,378.65,378.15,378.45,41650,0
2026-06-09T11:15:00+05:30,378.35,378.45,378.05,378.4,32285,0
2026-06-09T11:20:00+05:30,378.3,378.85,377.65,377.9,279106,0
2026-06-09T11:25:00+05:30,377.9,378.45,377.65,378.2,76369,0
2026-06-09T11:30:00+05:30,378.2,378.9,378.15,378.6,95945,0
2026-06-09T11:35:00+05:30,378.65,379.6,378.6,379.3,264606,0
2026-06-09T11:40:00+05:30,379.2,379.35,378.45,379.0,64445,0
2026-06-09T11:45:00+05:30,378.9,380.15,378.55,379.7,126871,0
2026-06-09T11:50:00+05:30,379.7,379.95,379.05,379.2,80118,0
2026-06-09T11:55:00+05:30,379.15,379.45,378.8,378.8,44013,0
2026-06-09T12:00:00+05:30,378.75,379.2,378.6,378.9,57431,0
2026-06-09T12:05:00+05:30,378.85,378.9,378.5,378.7,25595,0
2026-06-09T12:10:00+05:30,378.65,379.2,378.3,378.5,70698,0
2026-06-09T12:15:00+05:30,378.35,379.3,378.35,379.1,77952,0
2026-06-09T12:20:00+05:30,379.15,379.7,378.9,379.0,80925,0
2026-06-09T12:25:00+05:30,379.0,379.45,378.9,379.35,52207,0
2026-06-09T12:30:00+05:30,379.35,380.2,379.3,379.95,149094,0
2026-06-09T12:35:00+05:30,379.95,380.4,379.9,380.35,76435,0
2026-06-09T12:40:00+05:30,380.3,380.35,379.7,380.0,477861,0
2026-06-09T12:45:00+05:30,380.0,380.3,379.85,380.2,403534,0
2026-06-09T12:50:00+05:30,380.2,380.4,380.0,380.0,175487,0
2026-06-09T12:55:00+05:30,380.0,380.1,379.5,380.1,521869,0
2026-06-09T13:00:00+05:30,380.05,380.35,379.55,379.75,1277240,0
2026-06-09T13:05:00+05:30,379.75,380.0,379.4,379.85,100931,0
2026-06-09T13:10:00+05:30,379.75,380.1,379.75,379.9,255808,0
2026-06-09T13:15:00+05:30,379.9,380.0,379.55,379.85,68555,0
2026-06-09T13:20:00+05:30,379.8,379.85,379.2,379.45,89483,0
2026-06-09T13:25:00+05:30,379.45,379.5,379.0,379.2,71406,0
2026-06-09T13:30:00+05:30,379.2,379.3,378.75,379.1,139849,0
2026-06-09T13:35:00+05:30,379.05,379.5,378.7,379.45,259196,0
2026-06-09T13:40:00+05:30,379.45,379.85,379.2,379.75,119932,0
2026-06-09T13:45:00+05:30,379.65,379.85,379.4,379.8,96466,0
2026-06-09T13:50:00+05:30,379.7,379.85,378.85,378.85,77669,0
2026-06-09T13:55:00+05:30,378.85,379.1,378.5,378.8,91825,0
2026-06-09T14:00:00+05:30,378.8,379.15,378.55,379.15,83459,0
2026-06-09T14:05:00+05:30,379.05,379.4,379.05,379.4,75477,0
2026-06-09T14:10:00+05:30,379.35,379.6,379.3,379.55,76512,0
2026-06-09T14:15:00+05:30,379.5,379.6,379.05,379.3,65063,0
2026-06-09T14:20:00+05:30,379.25,379.3,378.9,379.05,73721,0
2026-06-09T14:25:00+05:30,379.05,379.75,379.0,379.65,82375,0
2026-06-09T14:30:00+05:30,379.6,380.05,379.25,379.95,107117,0
2026-06-09T14:35:00+05:30,379.95,380.65,379.85,380.55,166256,0
2026-06-09T14:40:00+05:30,380.6,381.9,380.6,381.6,200016,0
2026-06-09T14:45:00+05:30,381.7,382.0,381.35,381.85,539659,0
2026-06-09T14:50:00+05:30,381.8,382.05,381.5,382.0,139911,0
2026-06-09T14:55:00+05:30,382.05,382.1,381.4,381.6,177208,0
2026-06-09T15:00:00+05:30,381.55,381.6,381.0,381.3,330907,0
2026-06-09T15:05:00+05:30,381.35,382.45,381.3,381.75,776543,0
2026-06-09T15:10:00+05:30,381.8,381.95,381.1,381.4,576988,0
2026-06-09T15:15:00+05:30,381.35,381.7,381.25,381.5,401238,0
2026-06-09T15:20:00+05:30,381.5,381.95,381.4,381.85,413588,0
2026-06-09T15:25:00+05:30,381.8,382.45,381.7,382.15,255542,0
2026-06-10T09:15:00+05:30,380.5,385.0,380.5,384.45,672773,0
2026-06-10T09:20:00+05:30,384.25,385.4,383.75,385.05,312215,0
2026-06-10T09:25:00+05:30,385.05,387.0,384.7,386.75,514728,0
2026-06-10T09:30:00+05:30,386.85,387.35,386.05,387.2,290221,0
2026-06-10T09:35:00+05:30,387.2,387.2,386.05,386.05,94775,0
2026-06-10T09:40:00+05:30,386.1,386.25,385.3,385.35,301647,0
2026-06-10T09:45:00+05:30,385.45,386.85,385.3,386.5,157274,0
2026-06-10T09:50:00+05:30,386.6,386.8,385.8,386.15,113726,0
2026-06-10T09:55:00+05:30,386.3,387.5,386.15,387.2,199720,0
2026-06-10T10:00:00+05:30,387.2,387.25,386.3,386.45,98953,0
2026-06-10T10:05:00+05:30,386.4,387.15,386.4,386.6,75449,0
2026-06-10T10:10:00+05:30,386.6,386.85,385.7,386.15,107590,0
2026-06-10T10:15:00+05:30,386.25,387.1,385.9,387.1,99035,0
2026-06-10T10:20:00+05:30,387.1,387.1,386.7,387.05,59942,0
2026-06-10T10:25:00+05:30,387.0,387.05,385.85,386.9,110070,0
2026-06-10T10:30:00+05:30,386.75,387.0,386.75,386.95,63004,0
2026-06-10T10:35:00+05:30,387.0,387.75,386.6,387.05,187206,0
2026-06-10T10:40:00+05:30,387.15,387.5,386.85,387.15,134703,0
2026-06-10T10:45:00+05:30,387.25,387.25,386.4,386.45,119777,0
2026-06-10T10:50:00+05:30,386.5,388.25,386.45,388.05,152418,0
2026-06-10T10:55:00+05:30,388.0,389.3,387.8,389.25,240830,0
2026-06-10T11:00:00+05:30,389.2,389.3,388.5,389.15,248748,0
2026-06-10T11:05:00+05:30,389.15,389.8,389.0,389.15,197576,0
2026-06-10T11:10:00+05:30,389.15,389.4,388.15,388.4,155013,0
2026-06-10T11:15:00+05:30,388.4,388.6,387.35,387.95,239222,0
2026-06-10T11:20:00+05:30,388.1,388.9,388.0,388.6,297697,0
2026-06-10T11:25:00+05:30,388.6,390.0,388.55,389.95,171804,0
2026-06-10T11:30:00+05:30,389.95,390.2,389.4,389.75,144472,0
2026-06-10T11:35:00+05:30,389.75,391.2,389.25,390.5,810925,0
2026-06-10T11:40:00+05:30,390.5,390.9,390.0,390.9,521883,0
2026-06-10T11:45:00+05:30,390.9,391.0,389.9,390.1,402554,0
2026-06-10T11:50:00+05:30,390.1,390.4,389.85,390.05,125761,0
2026-06-10T11:55:00+05:30,390.1,390.1,389.65,389.8,65066,0
2026-06-10T12:00:00+05:30,389.75,389.8,388.75,389.3,67202,0
2026-06-10T12:05:00+05:30,389.3,389.4,388.8,389.05,46766,0
2026-06-10T12:10:00+05:30,389.05,389.5,388.65,389.5,168007,0
2026-06-10T12:15:00+05:30,389.5,389.85,389.35,389.75,189990,0
2026-06-10T12:20:00+05:30,389.7,390.2,389.05,389.15,421298,0
2026-06-10T12:25:00+05:30,389.35,389.55,389.0,389.2,83488,0
2026-06-10T12:30:00+05:30,389.25,389.5,388.85,389.05,90707,0
2026-06-10T12:35:00+05:30,389.1,389.1,388.4,388.95,119487,0
2026-06-10T12:40:00+05:30,389.0,389.05,388.35,388.8,111792,0
2026-06-10T12:45:00+05:30,388.75,389.1,388.4,389.0,88370,0
2026-06-10T12:50:00+05:30,389.1,389.2,388.8,389.05,79789,0
2026-06-10T12:55:00+05:30,389.2,389.6,388.9,389.25,180189,0
2026-06-10T13:00:00+05:30,389.35,389.5,389.05,389.45,101689,0
2026-06-10T13:05:00+05:30,389.5,389.7,389.2,389.65,260385,0
2026-06-10T13:10:00+05:30,389.7,390.5,389.5,390.5,670354,0
2026-06-10T13:15:00+05:30,390.5,390.5,389.5,389.6,473647,0
2026-06-10T13:20:00+05:30,389.65,389.85,389.3,389.5,352934,0
2026-06-10T13:25:00+05:30,389.6,390.05,389.3,389.8,839886,0
2026-06-10T13:30:00+05:30,389.85,390.05,389.3,389.7,280688,0
2026-06-10T13:35:00+05:30,389.7,389.7,389.3,389.4,252475,0
2026-06-10T13:40:00+05:30,389.4,390.1,389.25,390.0,976580,0
2026-06-10T13:45:00+05:30,390.0,390.1,389.55,389.6,207867,0
2026-06-10T13:50:00+05:30,389.55,389.7,389.3,389.6,78319,0
2026-06-10T13:55:00+05:30,389.65,389.9,389.5,389.7,148597,0
2026-06-10T14:00:00+05:30,389.75,389.9,389.25,389.35,119504,0
2026-06-10T14:05:00+05:30,389.4,389.75,389.0,389.35,115716,0
2026-06-10T14:10:00+05:30,389.4,389.55,388.2,388.5,142740,0
2026-06-10T14:15:00+05:30,388.65,388.9,388.1,388.7,164747,0
2026-06-10T14:20:00+05:30,388.85,389.45,388.7,389.1,154754,0
2026-06-10T14:25:00+05:30,389.2,389.4,388.6,389.05,132638,0
2026-06-10T14:30:00+05:30,389.0,389.05,388.15,388.75,147032,0
2026-06-10T14:35:00+05:30,388.75,388.95,388.35,388.65,147445,0
2026-06-10T14:40:00+05:30,388.6,388.8,387.55,388.05,314811,0
2026-06-10T14:45:00+05:30,388.05,388.5,387.6,387.95,826971,0
2026-06-10T14:50:00+05:30,387.95,388.15,386.8,387.9,1206800,0
2026-06-10T14:55:00+05:30,387.9,388.5,387.85,388.25,230857,0
2026-06-10T15:00:00+05:30,388.25,388.5,387.9,388.45,284653,0
2026-06-10T15:05:00+05:30,388.45,388.5,387.95,388.45,556527,0
2026-06-10T15:10:00+05:30,388.45,388.45,387.25,388.05,2000878,0
2026-06-10T15:15:00+05:30,388.05,388.25,387.15,387.7,398304,0
2026-06-10T15:20:00+05:30,387.7,388.35,387.4,388.35,407887,0
2026-06-10T15:25:00+05:30,388.35,388.7,387.3,388.0,255757,0
2026-06-11T09:15:00+05:30,386.0,387.7,384.55,386.85,267440,0
2026-06-11T09:20:00+05:30,386.85,387.5,386.5,386.5,70183,0
2026-06-11T09:25:00+05:30,386.65,387.3,386.5,386.85,26430,0
2026-06-11T09:30:00+05:30,386.95,387.15,386.5,386.95,30704,0
2026-06-11T09:35:00+05:30,387.1,388.1,386.85,388.05,67667,0
2026-06-11T09:40:00+05:30,388.05,389.1,387.6,388.95,60258,0
2026-06-11T09:45:00+05:30,389.0,389.2,388.65,389.2,60580,0
2026-06-11T09:50:00+05:30,389.2,389.85,389.0,389.2,75409,0
2026-06-11T09:55:00+05:30,389.35,389.35,388.05,388.25,63458,0
2026-06-11T10:00:00+05:30,388.25,389.6,388.1,388.7,87164,0
2026-06-11T10:05:00+05:30,388.85,389.4,388.55,389.2,64850,0
2026-06-11T10:10:00+05:30,389.2,390.0,388.9,389.45,70385,0
2026-06-11T10:15:00+05:30,389.45,390.05,389.3,389.45,100701,0
2026-06-11T10:20:00+05:30,389.5,389.9,389.2,389.35,61178,0
2026-06-11T10:25:00+05:30,389.45,390.6,389.35,390.15,56553,0
2026-06-11T10:30:00+05:30,390.15,390.15,389.7,390.05,34844,0
2026-06-11T10:35:00+05:30,390.05,390.6,390.0,390.45,180498,0
2026-06-11T10:40:00+05:30,390.55,390.65,389.8,390.0,83583,0
2026-06-11T10:45:00+05:30,390.05,390.05,389.6,389.6,48915,0
2026-06-11T10:50:00+05:30,389.65,389.65,388.25,388.25,118515,0
2026-06-11T10:55:00+05:30,388.5,389.45,388.2,389.25,61443,0
2026-06-11T11:00:00+05:30,389.25,390.75,388.9,390.5,533506,0
2026-06-11T11:05:00+05:30,390.5,391.7,390.4,390.8,299648,0
2026-06-11T11:10:00+05:30,390.8,390.85,390.55,390.65,39785,0
2026-06-11T11:15:00+05:30,390.7,390.85,390.5,390.7,52326,0
2026-06-11T11:20:00+05:30,390.8,391.35,390.75,391.1,97540,0
2026-06-11T11:25:00+05:30,391.2,391.9,391.1,391.9,55019,0
2026-06-11T11:30:00+05:30,391.9,392.4,391.5,391.6,252238,0
2026-06-11T11:35:00+05:30,391.7,391.95,391.3,391.9,76417,0
2026-06-11T11:40:00+05:30,391.9,392.5,391.7,392.5,72161,0
2026-06-11T11:45:00+05:30,392.5,393.65,392.45,393.5,375761,0
2026-06-11T11:50:00+05:30,393.55,394.6,393.5,394.35,237999,0
2026-06-11T11:55:00+05:30,394.35,394.45,393.8,394.0,169476,0
2026-06-11T12:00:00+05:30,394.0,394.7,393.85,394.55,128944,0
2026-06-11T12:05:00+05:30,394.55,395.1,394.1,394.85,300712,0
2026-06-11T12:10:00+05:30,394.85,395.55,394.25,395.35,384968,0
2026-06-11T12:15:00+05:30,395.35,396.05,394.5,394.95,615528,0
2026-06-11T12:20:00+05:30,395.0,395.3,394.7,395.3,142612,0
2026-06-11T12:25:00+05:30,395.3,397.0,395.1,396.9,607948,0
2026-06-11T12:30:00+05:30,396.9,397.45,396.75,397.2,461415,0
2026-06-11T12:35:00+05:30,397.2,398.05,396.1,397.45,1126600,0
2026-06-11T12:40:00+05:30,397.45,398.35,397.3,398.05,388011,0
2026-06-11T12:45:00+05:30,398.05,398.5,398.0,398.05,259934,0
2026-06-11T12:50:00+05:30,398.05,398.6,398.0,398.5,410844,0
2026-06-11T12:55:00+05:30,398.5,399.3,398.15,399.25,432500,0
2026-06-11T13:00:00+05:30,399.25,399.9,398.35,398.65,591620,0
2026-06-11T13:05:00+05:30,398.65,398.7,397.1,397.3,376084,0
2026-06-11T13:10:00+05:30,397.3,397.45,396.05,396.5,430662,0
2026-06-11T13:15:00+05:30,396.55,396.8,395.45,395.6,171687,0
2026-06-11T13:20:00+05:30,395.6,396.2,395.05,395.65,222728,0
2026-06-11T13:25:00+05:30,395.65,396.0,395.3,396.0,131196,0
2026-06-11T13:30:00+05:30,396.0,396.7,395.85,396.25,132555,0
2026-06-11T13:35:00+05:30,396.25,396.8,395.65,395.85,195742,0
2026-06-11T13:40:00+05:30,395.85,396.2,395.4,396.2,195511,0
2026-06-11T13:45:00+05:30,396.2,396.5,395.9,396.3,100528,0
2026-06-11T13:50:00+05:30,396.3,396.65,396.05,396.65,84578,0
2026-06-11T13:55:00+05:30,396.6,397.05,396.05,396.5,210527,0
2026-06-11T14:00:00+05:30,396.5,396.7,396.1,396.3,97147,0
2026-06-11T14:05:00+05:30,396.3,396.35,395.2,395.5,113819,0
2026-06-11T14:10:00+05:30,395.5,395.7,395.25,395.7,107288,0
2026-06-11T14:15:00+05:30,395.7,396.05,395.25,395.8,228258,0
2026-06-11T14:20:00+05:30,395.8,396.0,395.25,395.4,94153,0
2026-06-11T14:25:00+05:30,395.4,396.25,395.2,396.0,151002,0
2026-06-11T14:30:00+05:30,396.0,396.0,395.3,395.6,134367,0
2026-06-11T14:35:00+05:30,395.6,395.7,394.4,395.0,221062,0
2026-06-11T14:40:00+05:30,395.0,395.0,394.5,394.6,142540,0
2026-06-11T14:45:00+05:30,394.65,395.0,393.75,394.6,168928,0
2026-06-11T14:50:00+05:30,394.6,394.8,394.45,394.5,166759,0
2026-06-11T14:55:00+05:30,394.5,394.65,394.15,394.4,163262,0
2026-06-11T15:00:00+05:30,394.4,394.55,392.8,392.9,476269,0
2026-06-11T15:05:00+05:30,392.9,393.05,392.55,392.85,349554,0
2026-06-11T15:10:00+05:30,392.9,393.25,392.2,393.0,383200,0
2026-06-11T15:15:00+05:30,392.9,393.8,392.85,393.65,297418,0
2026-06-11T15:20:00+05:30,393.65,394.95,393.6,394.55,474055,0
2026-06-11T15:25:00+05:30,394.55,394.55,392.45,392.6,289990,0
2026-06-12T09:15:00+05:30,397.75,398.85,395.65,398.2,332824,0
2026-06-12T09:20:00+05:30,398.35,400.0,397.6,399.0,222701,0
2026-06-12T09:25:00+05:30,399.05,399.5,399.0,399.3,194080,0
2026-06-12T09:30:00+05:30,399.3,399.5,398.55,399.1,184194,0
2026-06-12T09:35:00+05:30,399.1,399.95,398.5,398.7,224807,0
2026-06-12T09:40:00+05:30,398.65,398.7,397.0,397.7,355161,0
2026-06-12T09:45:00+05:30,397.8,398.15,397.35,397.8,81328,0
2026-06-12T09:50:00+05:30,397.8,398.45,397.3,397.8,90492,0
2026-06-12T09:55:00+05:30,397.7,398.05,397.65,397.7,63959,0
2026-06-12T10:00:00+05:30,397.7,398.05,397.3,397.6,79311,0
2026-06-12T10:05:00+05:30,397.75,397.75,397.4,397.6,72622,0
2026-06-12T10:10:00+05:30,397.6,397.6,396.15,396.85,160657,0
2026-06-12T10:15:00+05:30,396.85,397.1,396.05,396.5,105570,0
2026-06-12T10:20:00+05:30,396.5,397.55,396.1,397.55,96567,0
2026-06-12T10:25:00+05:30,397.55,397.55,396.55,396.75,65265,0
2026-06-12T10:30:00+05:30,396.75,397.1,396.5,396.75,64741,0
2026-06-12T10:35:00+05:30,396.75,396.9,396.5,396.8,39370,0
2026-06-12T10:40:00+05:30,396.8,397.1,395.55,395.7,104522,0
2026-06-12T10:45:00+05:30,395.7,396.2,394.95,396.15,164149,0
2026-06-12T10:50:00+05:30,396.1,396.25,395.95,396.2,49602,0
2026-06-12T10:55:00+05:30,396.2,396.3,395.8,395.95,48241,0
2026-06-12T11:00:00+05:30,395.95,396.2,395.5,396.15,80791,0
2026-06-12T11:05:00+05:30,396.15,396.5,395.55,396.15,131053,0
2026-06-12T11:10:00+05:30,396.15,397.2,396.0,397.0,122797,0
2026-06-12T11:15:00+05:30,397.0,398.0,396.85,397.65,417665,0
2026-06-12T11:20:00+05:30,397.65,398.85,397.5,398.45,1762599,0
2026-06-12T11:25:00+05:30,398.45,399.9,398.25,399.45,1211367,0
2026-06-12T11:30:00+05:30,399.45,399.45,398.35,399.25,454364,0
2026-06-12T11:35:00+05:30,399.25,399.3,398.55,398.75,778587,0
2026-06-12T11:40:00+05:30,398.7,398.8,398.5,398.55,173598,0
2026-06-12T11:45:00+05:30,398.55,399.65,398.5,399.35,281854,0
2026-06-12T11:50:00+05:30,399.3,399.4,398.75,398.95,62600,0
2026-06-12T11:55:00+05:30,398.95,399.05,398.65,398.7,50710,0
2026-06-12T12:00:00+05:30,398.8,399.0,398.6,399.0,44431,0
2026-06-12T12:05:00+05:30,399.0,399.05,398.5,398.8,49077,0
2026-06-12T12:10:00+05:30,398.8,398.85,398.3,398.7,140902,0
2026-06-12T12:15:00+05:30,398.65,398.8,398.0,398.25,78299,0
2026-06-12T12:20:00+05:30,398.25,398.55,398.15,398.35,63633,0
2026-06-12T12:25:00+05:30,398.35,398.85,398.05,398.55,79201,0
2026-06-12T12:30:00+05:30,398.55,398.75,398.2,398.5,47692,0
2026-06-12T12:35:00+05:30,398.5,398.9,398.2,398.7,75077,0
2026-06-12T12:40:00+05:30,398.75,398.85,398.5,398.55,67242,0
2026-06-12T12:45:00+05:30,398.55,398.65,397.0,397.5,190220,0
2026-06-12T12:50:00+05:30,397.5,397.8,397.2,397.7,68765,0
2026-06-12T12:55:00+05:30,397.7,397.9,397.55,397.75,75393,0
2026-06-12T13:00:00+05:30,397.75,398.05,397.6,397.75,75942,0
2026-06-12T13:05:00+05:30,397.75,398.15,397.7,397.95,61255,0
2026-06-12T13:10:00+05:30,397.95,398.25,397.7,398.1,89199,0
2026-06-12T13:15:00+05:30,398.1,398.3,397.9,398.1,92852,0
2026-06-12T13:20:00+05:30,398.15,398.65,397.95,398.3,165938,0
2026-06-12T13:25:00+05:30,398.3,399.5,398.0,399.45,90614,0
2026-06-12T13:30:00+05:30,399.45,399.8,399.15,399.5,76998,0
2026-06-12T13:35:00+05:30,399.5,400.3,399.2,400.3,183648,0
2026-06-12T13:40:00+05:30,400.3,401.15,400.2,401.05,306434,0
2026-06-12T13:45:00+05:30,401.05,401.9,400.75,401.85,181520,0
2026-06-12T13:50:00+05:30,401.85,402.05,401.15,401.7,420656,0
2026-06-12T13:55:00+05:30,401.7,402.1,401.5,401.75,219016,0
2026-06-12T14:00:00+05:30,401.75,401.9,401.2,401.55,113058,0
2026-06-12T14:05:00+05:30,401.55,402.2,401.1,402.1,646812,0
2026-06-12T14:10:00+05:30,402.05,403.55,402.0,403.5,1001535,0
2026-06-12T14:15:00+05:30,403.35,404.1,403.0,403.55,494767,0
2026-06-12T14:20:00+05:30,403.5,403.75,403.35,403.5,114349,0
2026-06-12T14:25:00+05:30,403.5,403.5,402.7,403.35,125962,0
2026-06-12T14:30:00+05:30,403.35,403.5,403.15,403.35,107103,0
2026-06-12T14:35:00+05:30,403.35,403.65,402.5,403.6,162404,0
2026-06-12T14:40:00+05:30,403.6,403.85,402.8,403.05,201142,0
2026-06-12T14:45:00+05:30,403.05,403.7,402.75,403.65,121076,0
2026-06-12T14:50:00+05:30,403.65,404.05,403.1,403.9,239925,0
2026-06-12T14:55:00+05:30,403.95,404.3,403.1,403.55,325045,0
2026-06-12T15:00:00+05:30,403.5,403.55,402.5,403.25,374846,0
2026-06-12T15:05:00+05:30,403.25,404.5,402.55,402.9,651568,0
2026-06-12T15:10:00+05:30,402.9,404.2,402.75,403.7,316480,0
2026-06-12T15:15:00+05:30,403.7,403.95,403.05,403.2,321484,0
2026-06-12T15:20:00+05:30,403.15,403.5,402.65,402.9,329624,0
2026-06-12T15:25:00+05:30,402.9,404.0,402.5,404.0,278261,0
2026-06-15T09:15:00+05:30,408.0,411.0,405.35,405.85,665847,0
2026-06-15T09:20:00+05:30,405.9,406.4,405.1,405.4,324745,0
2026-06-15T09:25:00+05:30,405.35,408.0,405.05,406.3,859580,0
2026-06-15T09:30:00+05:30,406.3,406.9,406.05,406.6,200438,0
2026-06-15T09:35:00+05:30,406.6,407.0,406.0,406.6,216688,0
2026-06-15T09:40:00+05:30,406.6,407.5,406.25,407.45,177962,0
2026-06-15T09:45:00+05:30,407.45,408.0,407.05,407.55,200155,0
2026-06-15T09:50:00+05:30,407.65,408.2,407.35,407.35,144593,0
2026-06-15T09:55:00+05:30,407.4,407.65,407.0,407.25,135521,0
2026-06-15T10:00:00+05:30,407.3,407.8,407.25,407.65,115282,0
2026-06-15T10:05:00+05:30,407.75,407.95,407.05,407.35,154782,0
2026-06-15T10:10:00+05:30,407.35,407.5,406.75,407.3,284209,0
2026-06-15T10:15:00+05:30,407.2,407.4,406.75,407.3,115604,0
2026-06-15T10:20:00+05:30,407.2,407.7,406.8,406.95,114325,0
2026-06-15T10:25:00+05:30,406.95,407.3,406.45,407.05,105537,0
2026-06-15T10:30:00+05:30,407.15,407.55,406.75,407.1,127616,0
2026-06-15T10:35:00+05:30,407.2,407.45,406.95,407.35,57226,0
2026-06-15T10:40:00+05:30,407.35,407.4,407.0,407.2,63554,0
2026-06-15T10:45:00+05:30,407.2,408.05,407.15,407.9,129205,0
2026-06-15T10:50:00+05:30,407.9,408.45,407.5,407.6,146220,0
2026-06-15T10:55:00+05:30,407.6,407.7,406.7,406.85,66770,0
2026-06-15T11:00:00+05:30,406.9,406.95,406.2,406.65,231779,0
2026-06-15T11:05:00+05:30,406.75,406.8,406.1,406.3,87538,0
2026-06-15T11:10:00+05:30,406.35,406.55,406.0,406.1,88678,0
2026-06-15T11:15:00+05:30,406.1,406.4,405.45,405.85,147693,0
2026-06-15T11:20:00+05:30,405.9,406.0,405.2,405.6,112211,0
2026-06-15T11:25:00+05:30,405.7,406.0,405.6,405.8,47865,0
2026-06-15T11:30:00+05:30,405.8,405.9,405.15,405.3,43297,0
2026-06-15T11:35:00+05:30,405.4,405.55,405.05,405.25,58290,0
2026-06-15T11:40:00+05:30,405.3,405.8,405.2,405.25,52534,0
2026-06-15T11:45:00+05:30,405.4,405.65,405.15,405.6,64033,0
2026-06-15T11:50:00+05:30,405.6,405.85,405.2,405.5,55335,0
2026-06-15T11:55:00+05:30,405.5,406.0,405.45,405.7,58047,0
2026-06-15T12:00:00+05:30,405.85,406.0,405.2,405.35,71131,0
2026-06-15T12:05:00+05:30,405.45,405.45,404.15,404.55,208115,0
2026-06-15T12:10:00+05:30,404.55,404.7,403.75,403.85,93314,0
2026-06-15T12:15:00+05:30,404.0,404.0,403.2,403.2,116825,0
2026-06-15T12:20:00+05:30,403.3,403.9,403.2,403.55,66386,0
2026-06-15T12:25:00+05:30,403.6,403.75,402.85,403.2,56303,0
2026-06-15T12:30:00+05:30,403.2,403.55,402.95,403.5,51897,0
2026-06-15T12:35:00+05:30,403.55,404.2,403.4,404.0,61804,0
2026-06-15T12:40:00+05:30,404.1,404.45,403.8,404.2,42296,0
2026-06-15T12:45:00+05:30,404.35,404.35,403.4,403.65,63386,0
2026-06-15T12:50:00+05:30,403.65,403.85,403.0,403.6,68313,0
2026-06-15T12:55:00+05:30,403.6,403.9,403.4,403.5,41116,0
2026-06-15T13:00:00+05:30,403.5,403.8,403.3,403.45,45297,0
2026-06-15T13:05:00+05:30,403.6,403.95,403.45,403.85,38777,0
2026-06-15T13:10:00+05:30,403.9,404.75,403.65,403.9,93878,0
2026-06-15T13:15:00+05:30,403.95,404.9,403.6,404.45,74681,0
2026-06-15T13:20:00+05:30,404.55,404.95,404.4,404.7,38474,0
2026-06-15T13:25:00+05:30,404.85,405.1,404.5,404.9,95678,0
2026-06-15T13:30:00+05:30,405.1,405.2,404.75,404.9,50980,0
2026-06-15T13:35:00+05:30,404.9,405.2,403.95,404.2,61582,0
2026-06-15T13:40:00+05:30,404.25,404.65,402.85,403.0,429283,0
2026-06-15T13:45:00+05:30,403.0,403.95,402.95,403.5,667408,0
2026-06-15T13:50:00+05:30,403.55,403.95,403.1,403.1,233867,0
